Player,Pos,Age,Tm,G,GS,MP,FG,FGA,FG%,3P,3PA,3P%,2P,2PA,2P%,eFG%,FT,FTA,FT%,ORB,DRB,TRB,AST,STL,BLK,TOV,PF,PTS
Precious Achiuwa,C,24,TOR,6,0,20.0,3.2,7.3,.432,0.3,1.7,.200,2.8,5.7,.500,.455,0.8,0.8,1.000,2.0,4.2,6.2,1.7,0.2,0.5,1.5,2.2,7.5
Bam Adebayo,C,26,MIA,10,10,34.7,8.4,16.0,.525,0.1,0.2,.500,8.3,15.8,.525,.528,6.1,7.6,.803,2.3,8.2,10.5,3.8,1.4,1.4,2.9,2.3,23.0
Ochai Agbaji,SG,23,UTA,11,3,17.2,1.7,4.4,.396,0.9,2.6,.345,0.8,1.7,.474,.500,0.2,0.4,.500,0.8,1.9,2.7,1.0,0.4,0.6,0.6,1.3,4.5
Santi Aldama,PF,23,MEM,5,0,21.0,4.6,9.6,.479,1.6,4.0,.400,3.0,5.6,.536,.563,0.8,1.8,.444,0.6,4.0,4.6,1.8,0.4,0.8,1.6,1.2,11.6
Nickeil Alexander-Walker,SG,25,MIN,11,2,19.9,1.9,4.8,.396,1.0,3.0,.333,0.9,1.8,.500,.500,0.2,0.5,.333,0.1,1.7,1.8,2.4,0.8,0.8,0.9,1.5,5.0
Grayson Allen,SG,28,PHO,11,11,31.1,4.4,9.2,.475,2.7,5.5,.492,1.6,3.6,.450,.624,0.9,0.9,1.000,1.1,4.0,5.1,2.8,0.5,0.5,1.8,2.4,12.4
Jarrett Allen,C,25,CLE,6,6,25.7,3.8,5.7,.676,0.0,0.0,,3.8,5.7,.676,.676,4.2,5.3,.781,3.2,4.3,7.5,1.7,0.5,1.0,1.7,2.3,11.8
Kyle Anderson,PF,30,MIN,11,0,24.8,3.0,5.5,.541,0.2,0.9,.200,2.8,4.6,.608,.557,1.2,1.8,.650,0.7,3.0,3.7,4.0,1.1,0.7,1.9,1.5,7.4
Giannis Antetokounmpo,PF,29,MIL,10,10,32.5,11.0,18.9,.582,0.6,2.4,.250,10.4,16.5,.630,.598,6.9,10.8,.639,2.3,7.3,9.6,3.6,0.9,1.3,4.3,2.9,29.5
Thanasis Antetokounmpo,PF,31,MIL,4,0,9.0,0.5,1.8,.286,0.0,0.0,,0.5,1.8,.286,.286,0.0,0.0,,0.5,0.0,0.5,1.0,0.3,0.3,1.0,1.8,1.0
Cole Anthony,PG,23,ORL,11,0,23.7,4.2,9.8,.426,1.5,4.0,.364,2.7,5.8,.469,.500,3.6,4.5,.816,0.9,3.3,4.2,2.7,0.7,0.3,2.3,2.5,13.5
OG Anunoby,SF,26,TOR,8,8,31.4,6.3,12.3,.510,2.8,7.0,.393,3.5,5.3,.667,.622,1.1,1.9,.600,0.6,3.4,4.0,1.8,1.3,0.6,1.6,2.3,16.4
Ryan Arcidiacono,PG,29,NYK,3,0,2.0,0.0,0.3,.000,0.0,0.3,.000,0.0,0.0,,.000,0.0,0.0,,0.0,0.3,0.3,0.0,0.0,0.0,0.0,0.0,0.0
Deni Avdija,SF,23,WAS,11,11,26.8,5.1,9.8,.519,1.3,3.1,.412,3.8,6.7,.568,.583,1.3,1.6,.778,1.5,4.3,5.7,3.9,1.3,0.3,1.5,2.5,12.7
Deandre Ayton,C,25,POR,11,11,31.5,5.7,10.3,.558,0.0,0.0,,5.7,10.3,.558,.558,0.5,0.5,1.000,2.8,8.6,11.5,1.3,1.5,0.8,1.8,2.9,11.9
Udoka Azubuike,C,24,PHO,2,0,4.5,0.5,0.5,1.000,0.0,0.0,,0.5,0.5,1.000,1.000,0.0,0.0,,0.0,2.0,2.0,0.0,0.0,0.0,0.0,0.5,1.0
Marvin Bagley III,C,24,DET,12,4,19.8,4.3,7.3,.591,0.1,0.4,.200,4.3,6.9,.614,.597,2.7,2.9,.914,1.8,3.5,5.3,1.3,0.0,0.6,1.5,1.8,11.4
Amari Bailey,PG,19,CHO,1,0,3.0,1.0,3.0,.333,0.0,0.0,,1.0,3.0,.333,.333,0.0,0.0,,2.0,0.0,2.0,0.0,0.0,0.0,0.0,0.0,2.0
Patrick Baldwin Jr.,SF,21,WAS,3,0,3.7,0.0,0.7,.000,0.0,0.3,.000,0.0,0.3,.000,.000,0.0,0.0,,0.0,0.3,0.3,0.3,0.0,0.0,0.0,0.3,0.0
LaMelo Ball,PG,22,CHO,10,10,33.5,7.7,18.4,.418,3.0,8.2,.366,4.7,10.2,.461,.500,3.8,4.5,.844,1.9,3.5,5.4,8.6,1.6,0.3,4.0,4.0,22.2
Mo Bamba,C,25,PHI,4,0,2.3,0.0,0.5,.000,0.0,0.0,,0.0,0.5,.000,.000,0.5,0.5,1.000,0.5,1.0,1.5,0.0,0.0,0.5,0.8,0.8,0.5
Paolo Banchero,PF,21,ORL,11,11,33.9,6.4,14.0,.455,1.3,3.2,.400,5.1,10.8,.471,.500,4.7,7.2,.658,1.4,5.6,7.0,4.9,1.5,0.4,3.3,2.4,18.7
Desmond Bane,SG,25,MEM,11,11,34.7,9.4,20.5,.456,3.4,9.5,.352,6.0,11.0,.545,.538,3.4,4.0,.841,0.6,3.8,4.5,4.5,1.5,0.9,2.6,3.0,25.5
Dalano Banton,PG,24,BOS,5,0,7.2,1.2,2.6,.462,0.0,0.6,.000,1.2,2.0,.600,.462,0.6,0.6,1.000,0.8,1.4,2.2,0.4,0.4,0.0,0.2,1.0,3.0
Dominick Barlow,PF,20,SAS,4,0,5.3,0.5,1.3,.400,0.0,0.0,,0.5,1.3,.400,.400,0.5,1.0,.500,0.0,0.5,0.5,0.0,0.0,0.0,0.0,0.3,1.5
Harrison Barnes,PF,31,SAC,10,10,30.9,3.9,8.1,.481,1.8,4.5,.400,2.1,3.6,.583,.593,1.8,2.3,.783,0.7,2.2,2.9,1.3,0.8,0.1,0.7,1.1,11.4
Scottie Barnes,SG,22,TOR,11,11,35.7,7.9,16.6,.475,1.9,5.1,.375,6.0,11.5,.520,.533,3.2,4.2,.761,3.0,6.6,9.6,5.7,1.7,1.6,2.5,2.4,20.9
RJ Barrett,SG,23,NYK,7,7,31.1,7.9,16.1,.487,2.9,5.7,.500,5.0,10.4,.479,.575,4.0,4.7,.848,0.6,2.9,3.4,3.1,0.6,0.3,2.1,1.1,22.6
Charles Bassey,C,23,SAS,11,0,12.1,1.8,2.5,.741,0.0,0.1,.000,1.8,2.4,.769,.741,0.2,0.3,.667,1.4,2.6,4.0,1.0,0.7,0.5,0.5,1.5,3.8
Emoni Bates,SF,20,CLE,4,0,8.0,0.8,2.3,.333,0.5,1.5,.333,0.3,0.8,.333,.444,0.3,0.5,.500,0.3,1.5,1.8,0.3,0.0,0.3,0.3,0.3,2.3
Keita Bates-Diop,SF,28,PHO,8,4,21.0,2.4,5.4,.442,0.8,2.3,.333,1.6,3.1,.520,.512,0.6,1.1,.556,1.3,2.8,4.0,1.3,0.5,0.8,0.1,1.0,6.1
Nicolas Batum,PF,35,TOT,7,1,22.4,1.9,3.3,.565,1.4,2.9,.500,0.4,0.4,1.000,.783,0.0,0.0,,0.7,2.6,3.3,1.3,0.9,1.1,0.3,2.0,5.1
Nicolas Batum,PF,35,LAC,3,0,18.0,1.0,2.7,.375,0.7,2.3,.286,0.3,0.3,1.000,.500,0.0,0.0,,0.0,2.3,2.3,1.7,1.0,1.3,0.3,1.7,2.7
Nicolas Batum,PF,35,PHI,4,1,25.8,2.5,3.8,.667,2.0,3.3,.615,0.5,0.5,1.000,.933,0.0,0.0,,1.3,2.8,4.0,1.0,0.8,1.0,0.3,2.3,7.0
Bradley Beal,SG,30,PHO,3,3,28.7,6.0,15.3,.391,1.7,5.0,.333,4.3,10.3,.419,.446,3.7,5.3,.688,1.0,4.3,5.3,3.7,0.7,0.3,3.0,3.0,17.3
Malik Beasley,SG,27,MIL,11,11,25.6,3.6,7.4,.494,2.5,5.5,.467,1.1,1.9,.571,.667,0.5,0.8,.556,0.5,3.2,3.6,1.3,1.0,0.0,0.7,2.1,10.3
MarJon Beauchamp,SF,23,MIL,10,0,16.7,2.6,5.1,.510,1.1,2.5,.440,1.5,2.6,.577,.618,0.5,0.8,.625,0.8,1.5,2.3,1.0,0.3,0.1,0.7,1.7,6.8
Dāvis Bertāns,PF,31,OKC,3,0,8.3,0.3,1.7,.200,0.3,1.7,.200,0.0,0.0,,.300,2.0,2.0,1.000,0.0,0.3,0.3,0.3,0.3,0.0,0.0,1.0,3.0
Patrick Beverley,PG,35,PHI,11,0,16.1,0.9,2.7,.333,0.2,1.4,.133,0.7,1.4,.533,.367,0.1,0.3,.333,1.0,2.2,3.2,2.0,0.5,0.5,0.5,2.0,2.1
Saddiq Bey,SF,24,ATL,11,3,27.6,4.4,9.1,.480,1.7,4.6,.373,2.6,4.5,.592,.575,1.4,1.5,.882,1.9,3.4,5.3,1.2,1.1,0.3,1.5,1.4,11.8
Goga Bitadze,C,24,ORL,9,6,16.8,2.9,4.7,.619,0.0,0.3,.000,2.9,4.3,.667,.619,1.8,2.3,.762,2.4,2.9,5.3,1.1,1.0,1.0,0.4,2.1,7.6
Onuralp Bitim,SG,24,CHI,1,0,3.0,0.0,0.0,,0.0,0.0,,0.0,0.0,,,0.0,0.0,,0.0,0.0,0.0,0.0,0.0,0.0,0.0,0.0,0.0
Bismack Biyombo,C,31,MEM,6,5,24.7,2.8,5.2,.548,0.0,0.0,,2.8,5.2,.548,.548,1.8,2.8,.647,5.0,4.3,9.3,1.8,0.5,1.2,0.7,3.2,7.5
Anthony Black,PG,20,ORL,9,5,19.9,2.3,4.2,.553,0.6,1.7,.333,1.8,2.6,.696,.618,0.7,1.0,.667,0.9,1.2,2.1,1.6,0.4,0.3,0.8,1.9,5.9
Leaky Black,SF,24,CHO,3,0,4.0,0.7,1.7,.400,0.3,0.7,.500,0.3,1.0,.333,.500,0.0,0.0,,0.0,0.7,0.7,0.3,0.0,0.7,0.0,0.3,1.7
Bogdan Bogdanović,SG,31,ATL,11,1,26.2,5.4,12.2,.440,2.9,8.3,.352,2.5,3.9,.628,.560,1.1,1.1,1.000,0.4,2.4,2.7,3.0,1.5,0.5,1.2,1.9,14.7
Bol Bol,PF,24,PHO,3,0,2.3,0.3,0.3,1.000,0.0,0.0,,0.3,0.3,1.000,1.000,0.0,0.0,,0.0,0.3,0.3,0.0,0.0,0.3,0.7,0.0,0.7
Devin Booker,SG,27,PHO,3,3,32.7,11.7,20.7,.565,3.3,7.3,.455,8.3,13.3,.625,.645,4.7,4.7,1.000,1.0,5.3,6.3,8.7,0.3,0.0,4.3,3.3,31.3
Chris Boucher,PF,31,TOR,9,0,16.6,2.2,4.9,.455,0.6,1.6,.357,1.7,3.3,.500,.511,2.0,2.2,.900,1.8,3.7,5.4,0.6,0.2,0.8,0.7,2.4,7.0
Jamaree Bouyea,PG,24,POR,3,0,13.0,1.3,5.7,.235,0.0,2.0,.000,1.3,3.7,.364,.235,0.0,0.0,,0.3,2.0,2.3,1.0,0.0,0.0,1.7,1.0,2.7
Malaki Branham,SG,20,SAS,11,3,20.2,3.7,8.6,.432,1.0,3.2,.314,2.7,5.5,.500,.489,0.5,0.6,.857,0.2,1.4,1.5,2.2,0.5,0.1,0.9,1.2,9.0
Christian Braun,SG,22,DEN,11,0,19.0,2.7,6.0,.455,0.4,1.6,.222,2.4,4.4,.542,.485,1.4,2.0,.682,1.0,3.1,4.1,2.1,0.5,0.3,0.5,1.5,7.2
Mikal Bridges,SF,27,BRK,11,11,34.3,7.6,16.7,.457,1.9,6.5,.292,5.7,10.2,.563,.514,3.1,3.7,.829,1.4,4.8,6.2,3.7,1.3,0.5,2.5,1.9,20.3
Oshae Brissett,SF,25,BOS,6,0,11.2,0.5,2.8,.176,0.2,1.5,.111,0.3,1.3,.250,.206,1.0,1.3,.750,1.0,1.3,2.3,0.3,0.7,0.0,0.3,0.8,2.2
Malcolm Brogdon,PG,31,POR,8,3,27.8,6.1,15.1,.405,2.0,5.9,.340,4.1,9.3,.446,.471,3.0,3.8,.800,1.0,3.8,4.8,5.5,0.8,0.0,1.6,1.4,17.3
Armoni Brooks,PG,25,BRK,3,0,12.0,2.0,4.0,.500,1.7,3.0,.556,0.3,1.0,.333,.708,0.0,0.0,,0.3,1.7,2.0,0.0,0.0,0.0,0.3,0.0,5.7
Dillon Brooks,SF,28,HOU,9,9,30.9,4.8,8.7,.551,1.8,3.3,.533,3.0,5.3,.563,.654,2.3,2.8,.840,0.4,3.8,4.2,2.0,1.1,0.1,2.0,3.4,13.7
Bruce Brown,SG,27,IND,11,11,31.5,4.3,9.4,.456,1.5,3.8,.381,2.8,5.5,.508,.534,1.3,1.5,.875,0.7,3.8,4.5,2.7,1.0,0.4,0.9,2.0,11.3
Jaylen Brown,SF,27,BOS,10,10,33.7,8.5,18.5,.459,2.8,7.7,.364,5.7,10.8,.528,.535,3.1,4.2,.738,0.5,4.7,5.2,3.2,1.0,0.4,2.5,2.7,22.9
Kobe Brown,PF,24,LAC,6,0,8.7,1.2,2.3,.500,0.5,1.3,.375,0.7,1.0,.667,.607,0.0,0.0,,0.3,1.0,1.3,0.3,0.2,0.2,0.2,1.3,2.8
Moses Brown,C,24,POR,1,0,5.0,2.0,3.0,.667,0.0,0.0,,2.0,3.0,.667,.667,0.0,2.0,.000,2.0,1.0,3.0,1.0,0.0,1.0,0.0,1.0,4.0
Troy Brown Jr.,SF,24,MIN,8,0,7.3,0.4,1.6,.231,0.0,0.9,.000,0.4,0.8,.500,.231,1.3,1.3,1.000,0.4,1.6,2.0,0.5,0.4,0.0,0.4,0.3,2.0
Jalen Brunson,PG,27,NYK,11,11,34.9,8.0,18.9,.423,2.9,6.4,.457,5.1,12.5,.406,.500,3.8,4.6,.824,0.6,2.4,3.0,4.6,1.0,0.0,2.3,1.9,22.7
Thomas Bryant,C,26,MIA,10,1,12.5,2.1,4.0,.525,0.0,0.2,.000,2.1,3.8,.553,.525,1.0,1.3,.769,1.1,2.6,3.7,0.6,0.4,0.3,1.0,1.2,5.2
Kobe Bufkin,SG,20,ATL,2,0,2.0,0.0,1.5,.000,0.0,0.5,.000,0.0,1.0,.000,.000,0.5,1.0,.500,0.5,0.5,1.0,0.0,0.0,0.0,0.0,0.0,0.5
Reggie Bullock,SF,32,HOU,5,0,10.4,0.4,1.6,.250,0.4,1.4,.286,0.0,0.2,.000,.375,0.0,0.0,,0.0,1.4,1.4,0.6,0.2,0.2,0.4,0.8,1.2
Alec Burks,SG,32,DET,6,0,24.3,4.0,9.7,.414,3.3,6.8,.488,0.7,2.8,.235,.586,4.0,4.7,.857,0.5,2.5,3.0,3.0,0.3,0.5,0.2,1.8,15.3
Jared Butler,SG,23,WAS,2,0,4.5,0.5,2.0,.250,0.5,1.5,.333,0.0,0.5,.000,.375,0.0,0.0,,0.0,0.0,0.0,0.5,0.0,0.0,0.5,0.0,1.5
Jimmy Butler,PF,34,MIA,9,9,33.8,6.2,13.7,.455,1.0,2.0,.500,5.2,11.7,.448,.492,6.6,7.7,.855,2.7,3.2,5.9,3.7,1.4,0.3,1.6,0.7,20.0
Jamal Cain,PF,24,MIA,3,0,10.0,1.3,3.0,.444,0.0,1.3,.000,1.3,1.7,.800,.444,0.0,0.0,,1.0,1.0,2.0,0.0,1.0,0.0,0.3,0.7,2.7
Kentavious Caldwell-Pope,SG,30,DEN,11,11,33.8,3.4,7.0,.481,1.6,3.6,.450,1.7,3.4,.514,.597,1.3,1.5,.875,0.2,1.6,1.8,1.9,1.7,0.5,1.2,2.5,9.6
Toumani Camara,PF,23,POR,11,2,24.4,1.8,5.5,.333,0.6,2.4,.269,1.2,3.1,.382,.392,0.9,1.3,.714,1.9,2.5,4.4,1.5,0.8,0.7,1.1,2.3,5.2
Clint Capela,C,29,ATL,11,11,25.1,4.0,6.7,.595,0.0,0.0,,4.0,6.7,.595,.595,1.5,2.4,.654,3.5,6.3,9.7,0.9,0.8,1.6,0.7,2.2,9.5
Jevon Carter,PG,28,CHI,12,0,14.8,2.6,5.8,.443,1.7,3.6,.465,0.9,2.3,.407,.586,0.0,0.1,.000,0.1,0.4,0.5,1.2,0.7,0.3,0.8,1.3,6.8
Wendell Carter Jr.,C,24,ORL,5,5,29.4,3.4,9.0,.378,1.0,3.2,.313,2.4,5.8,.414,.433,1.6,2.8,.571,2.2,6.4,8.6,1.6,0.6,0.4,1.6,2.8,9.4
Alex Caruso,SG,29,CHI,10,0,23.6,3.1,5.1,.608,1.3,2.9,.448,1.8,2.2,.818,.735,1.1,1.5,.733,1.4,2.6,4.0,2.5,1.4,0.8,1.1,2.8,8.6
Colin Castleton,C,23,LAL,2,0,9.5,1.0,2.0,.500,0.0,0.0,,1.0,2.0,.500,.500,0.0,0.0,,1.0,0.5,1.5,1.0,0.0,0.0,0.0,2.5,2.0
Malcolm Cazalon,SG,22,DET,1,0,3.0,0.0,0.0,,0.0,0.0,,0.0,0.0,,,0.0,0.0,,0.0,0.0,0.0,0.0,0.0,0.0,0.0,0.0,0.0
Julian Champagnie,SF,22,SAS,6,1,11.2,1.3,5.3,.250,0.7,2.8,.235,0.7,2.5,.267,.313,0.3,0.3,1.000,0.2,1.0,1.2,0.5,0.8,1.0,0.8,0.0,3.7
Max Christie,SG,20,LAL,8,0,14.0,1.1,3.6,.310,0.3,1.4,.182,0.9,2.3,.389,.345,0.5,0.6,.800,0.3,2.5,2.8,0.6,0.4,0.1,0.8,1.1,3.0
Jordan Clarkson,SG,31,UTA,11,11,31.5,6.5,15.5,.421,1.7,5.5,.311,4.8,10.0,.482,.477,2.9,3.5,.842,1.5,1.9,3.4,4.7,0.9,0.2,3.5,1.5,17.7
Nic Claxton,C,24,BRK,3,3,25.7,3.7,7.3,.500,0.0,0.0,,3.7,7.3,.500,.500,1.0,1.0,1.000,3.3,5.3,8.7,2.0,0.3,3.0,0.3,2.3,8.3
Amir Coffey,SF,26,LAC,5,0,7.4,0.4,1.6,.250,0.0,0.4,.000,0.4,1.2,.333,.250,0.8,0.8,1.000,0.0,0.6,0.6,0.4,0.0,0.0,0.4,0.4,1.6
John Collins,PF,26,UTA,11,11,31.2,5.6,10.8,.521,1.5,3.6,.425,4.1,7.2,.570,.592,2.1,2.9,.719,2.6,5.5,8.2,1.0,0.6,0.9,1.3,3.5,14.9
Zach Collins,C,26,SAS,11,11,29.9,5.6,10.5,.534,1.0,3.7,.268,4.6,6.8,.680,.582,1.6,2.3,.720,1.9,4.3,6.2,3.7,0.5,1.0,2.7,3.4,13.9
Mike Conley,PG,36,MIN,11,11,28.7,4.0,7.6,.524,1.9,4.3,.447,2.1,3.4,.622,.649,1.1,1.1,1.000,0.7,2.4,3.1,5.1,0.8,0.1,0.6,1.9,11.0
Pat Connaughton,SF,31,MIL,11,0,22.1,1.8,4.6,.392,0.8,2.9,.281,1.0,1.7,.579,.480,0.7,0.9,.800,0.5,2.6,3.2,2.1,0.5,0.2,0.6,1.4,5.2
Bilal Coulibaly,SF,19,WAS,11,1,25.7,3.1,5.9,.523,1.5,3.1,.471,1.6,2.8,.581,.646,0.7,1.4,.533,0.5,3.6,4.1,1.8,1.0,0.8,1.2,1.9,8.4
Robert Covington,SF-PF,33,TOT,11,5,17.4,1.5,3.8,.381,0.5,2.4,.192,1.0,1.5,.688,.440,0.8,0.9,.900,0.9,1.5,2.5,0.9,1.7,0.5,0.2,1.6,4.2
Robert Covington,PF,33,LAC,3,3,23.0,1.0,3.0,.333,0.7,2.7,.250,0.3,0.3,1.000,.444,0.3,0.7,.500,0.7,2.0,2.7,2.3,2.0,0.7,0.0,2.3,3.0
Robert Covington,SF,33,PHI,8,2,15.3,1.6,4.1,.394,0.4,2.3,.167,1.3,1.9,.667,.439,1.0,1.0,1.000,1.0,1.4,2.4,0.4,1.6,0.4,0.3,1.4,4.6
Torrey Craig,SF,33,CHI,12,7,23.1,2.1,5.2,.403,0.8,2.3,.321,1.3,2.8,.471,.476,0.4,0.4,1.000,2.2,3.7,5.8,1.4,0.8,0.3,0.5,2.7,5.3
Jae Crowder,PF,33,MIL,9,2,26.7,2.8,5.2,.532,1.8,3.4,.516,1.0,1.8,.563,.702,0.8,1.3,.583,0.4,3.4,3.9,1.7,0.8,0.3,0.4,1.6,8.1
Cade Cunningham,PG,22,DET,12,12,36.2,8.0,19.9,.402,1.8,6.2,.297,6.2,13.8,.448,.448,3.5,4.0,.875,0.5,3.1,3.6,7.3,0.8,0.3,5.0,3.3,21.3
Seth Curry,SG,33,DAL,9,0,10.1,1.2,2.9,.423,0.4,1.6,.286,0.8,1.3,.583,.500,0.7,0.8,.857,0.3,1.0,1.3,0.9,0.7,0.1,0.4,0.7,3.6
Stephen Curry,PG,35,GSW,11,11,32.5,9.5,19.5,.488,5.6,12.6,.446,3.9,6.9,.566,.633,6.0,6.5,.930,0.9,3.7,4.6,3.9,1.0,0.2,3.7,1.5,30.7
Dyson Daniels,PG,20,NOP,11,4,26.3,3.3,7.2,.456,1.1,3.1,.353,2.2,4.1,.533,.532,0.8,1.5,.563,1.2,3.6,4.8,3.3,1.4,0.5,1.5,1.9,8.5
Anthony Davis,C,30,LAL,11,11,36.0,8.0,15.3,.524,0.3,0.8,.333,7.7,14.5,.535,.533,5.8,6.5,.889,2.9,8.7,11.6,3.5,0.6,3.4,1.7,2.8,22.1
Johnny Davis,SG,21,WAS,6,0,10.5,2.3,4.3,.538,0.2,0.3,.500,2.2,4.0,.542,.558,0.3,0.5,.667,0.5,0.8,1.3,0.3,0.8,0.2,0.3,1.0,5.2
DeMar DeRozan,SF,34,CHI,11,11,34.9,7.5,17.2,.434,0.7,2.3,.320,6.7,14.9,.451,.455,5.5,6.5,.847,1.2,1.8,3.0,4.5,1.1,1.1,0.8,2.2,21.2
Moussa Diabaté,C,22,LAC,6,0,7.5,1.3,2.3,.571,0.0,0.0,,1.3,2.3,.571,.571,0.8,1.0,.833,1.7,0.8,2.5,0.7,0.3,0.0,0.3,0.7,3.5
Gradey Dick,SG,20,TOR,11,1,16.2,1.4,4.6,.294,0.7,2.9,.250,0.6,1.7,.368,.373,0.9,0.9,1.000,0.6,1.0,1.6,1.1,0.3,0.0,0.8,1.8,4.4
Ousmane Dieng,PF,20,OKC,10,0,11.3,1.3,3.4,.382,0.7,2.5,.280,0.6,0.9,.667,.485,0.3,0.4,.750,0.5,1.5,2.0,0.9,0.1,0.0,0.4,0.6,3.6
Spencer Dinwiddie,PG,30,BRK,10,10,28.1,4.2,9.4,.447,2.4,6.0,.400,1.8,3.4,.529,.574,1.7,2.6,.654,0.2,3.1,3.3,5.2,0.4,0.1,1.3,1.6,12.5
Donte DiVincenzo,SG,27,NYK,11,0,19.6,2.5,6.9,.368,1.4,4.3,.319,1.2,2.6,.448,.467,0.6,1.1,.583,0.9,2.1,3.0,1.7,0.9,0.4,1.4,1.6,7.1
Luka Dončić,PG,24,DAL,12,12,34.8,10.3,20.6,.502,4.2,9.9,.420,6.2,10.7,.578,.603,5.8,7.7,.761,0.7,7.1,7.8,8.1,1.1,0.4,4.4,1.8,30.7
Luguentz Dort,SF,24,OKC,11,11,29.7,4.2,8.5,.489,2.2,4.6,.471,2.0,3.9,.512,.617,2.5,3.2,.800,1.4,3.3,4.6,1.2,1.4,1.1,1.1,2.9,13.1
Ayo Dosunmu,SG,24,CHI,10,0,15.3,2.3,4.3,.535,0.9,2.0,.450,1.4,2.3,.609,.640,0.3,0.4,.750,0.6,0.9,1.5,1.2,0.5,0.1,0.5,1.1,5.8
Andre Drummond,C,30,CHI,12,0,13.4,2.8,5.0,.567,0.0,0.0,,2.8,5.0,.567,.567,0.9,1.6,.579,2.7,3.4,6.1,0.8,1.3,0.2,1.1,1.5,6.6
Chris Duarte,SF,26,SAC,10,0,13.2,1.4,4.1,.341,0.7,2.5,.280,0.7,1.6,.438,.427,0.8,1.1,.727,0.1,1.1,1.2,1.0,0.5,0.1,0.5,2.9,4.3
Kris Dunn,PG,29,UTA,9,0,11.3,1.4,3.6,.406,0.3,0.9,.375,1.1,2.7,.417,.453,0.4,0.7,.667,0.3,1.7,2.0,2.2,0.6,0.0,1.2,1.4,3.7
Kevin Durant,PF,35,PHO,11,11,36.6,10.2,19.8,.514,1.8,4.0,.455,8.4,15.8,.529,.560,7.9,9.2,.861,0.5,6.5,7.0,4.7,0.8,1.2,3.9,1.7,30.1
Jalen Duren,C,20,DET,8,8,28.9,5.8,9.3,.622,0.0,0.1,.000,5.8,9.1,.630,.622,1.1,1.5,.750,3.5,7.1,10.6,3.1,0.6,1.1,2.8,3.5,12.6
Tari Eason,PF,22,HOU,3,0,16.3,2.7,7.3,.364,1.0,2.3,.429,1.7,5.0,.333,.432,0.0,0.0,,2.0,4.7,6.7,1.3,0.3,1.0,0.7,1.7,6.3
Anthony Edwards,SG,22,MIN,11,11,35.5,9.5,20.5,.467,2.4,6.4,.371,7.2,14.1,.510,.524,4.8,5.8,.828,0.8,5.0,5.8,5.2,1.5,0.4,3.5,1.5,26.3
Kessler Edwards,SF,23,SAC,8,0,4.5,0.1,0.8,.167,0.1,0.5,.250,0.0,0.3,.000,.250,0.1,0.3,.500,0.0,0.6,0.6,0.4,0.1,0.1,0.1,0.6,0.5
Keon Ellis,SG,24,SAC,7,2,12.9,1.3,3.6,.360,0.7,2.9,.250,0.6,0.7,.800,.460,0.9,1.6,.545,0.4,1.3,1.7,0.9,0.7,0.6,0.7,1.3,4.1
Joel Embiid,C,29,PHI,11,11,34.1,10.7,21.3,.504,1.1,3.5,.308,9.6,17.7,.544,.530,9.4,10.7,.873,3.4,8.1,11.5,5.8,0.9,1.7,3.7,2.6,31.9
Drew Eubanks,C,26,PHO,11,0,18.8,3.2,5.0,.636,0.1,0.1,1.000,3.1,4.9,.630,.645,1.4,1.7,.789,1.6,3.4,5.0,2.1,0.3,1.4,1.4,2.1,7.8
Dante Exum,PG,28,DAL,11,0,9.3,1.7,3.6,.475,0.3,0.8,.333,1.5,2.8,.516,.513,0.4,0.6,.571,0.4,1.8,2.2,1.3,0.3,0.2,0.2,1.2,4.1
Bruno Fernando,C,25,ATL,3,0,2.3,0.0,0.3,.000,0.0,0.3,.000,0.0,0.0,,.000,0.0,0.0,,0.0,0.0,0.0,0.0,0.0,0.0,0.7,0.7,0.0
Dorian Finney-Smith,PF,30,BRK,11,10,30.4,4.4,9.4,.466,3.0,6.8,.440,1.4,2.5,.536,.626,0.1,0.3,.333,2.0,3.3,5.3,1.4,0.3,0.7,0.9,2.5,11.8
Malachi Flynn,PG,25,TOR,11,0,16.4,2.0,4.7,.423,1.0,2.9,.344,1.0,1.8,.550,.529,0.6,0.7,.875,0.5,1.4,1.8,2.2,0.8,0.1,1.1,1.4,5.6
Simone Fontecchio,SF,28,UTA,9,0,10.7,1.8,3.8,.471,1.0,2.6,.391,0.8,1.2,.636,.603,0.0,0.0,,0.7,1.2,1.9,0.4,0.2,0.2,0.9,0.9,4.6
Jordan Ford,PG,25,SAC,4,0,3.0,0.5,1.3,.400,0.3,0.5,.500,0.3,0.8,.333,.500,0.5,0.5,1.000,0.0,0.3,0.3,0.3,0.0,0.0,0.0,0.0,1.8
Trent Forrest,SG,25,ATL,2,0,9.0,0.0,0.5,.000,0.0,0.0,,0.0,0.5,.000,.000,1.0,1.0,1.000,0.5,0.0,0.5,2.5,0.0,0.0,0.0,0.5,1.0
De'Aaron Fox,PG,26,SAC,5,5,36.2,11.0,22.4,.491,2.8,7.8,.359,8.2,14.6,.562,.554,5.2,7.0,.743,1.4,2.6,4.0,5.8,1.8,0.4,2.4,3.4,30.0
Alex Fudge,SF,20,LAL,1,0,4.0,0.0,1.0,.000,0.0,0.0,,0.0,1.0,.000,.000,0.0,0.0,,0.0,0.0,0.0,0.0,0.0,0.0,0.0,0.0,0.0
Markelle Fultz,PG,25,ORL,5,5,28.6,5.4,11.2,.482,0.0,0.6,.000,5.4,10.6,.509,.482,0.6,0.8,.750,1.6,1.8,3.4,4.0,1.2,0.4,1.2,1.2,11.4
Daniel Gafford,C,25,WAS,9,9,23.1,3.4,4.4,.775,0.0,0.0,,3.4,4.4,.775,.775,1.6,2.6,.609,2.3,4.9,7.2,1.2,0.6,2.2,1.4,3.2,8.4
Danilo Gallinari,PF,35,WAS,10,0,14.8,3.0,5.7,.526,0.8,2.4,.333,2.2,3.3,.667,.596,2.0,2.5,.800,0.7,2.1,2.8,1.6,0.3,0.1,0.6,0.7,8.8
Darius Garland,PG,24,CLE,6,6,33.3,5.8,13.0,.449,1.3,4.7,.286,4.5,8.3,.540,.500,4.2,5.0,.833,0.7,2.2,2.8,6.2,1.8,0.3,4.8,2.2,17.2
Luka Garza,C,25,MIN,3,0,3.7,1.3,3.0,.444,0.0,0.3,.000,1.3,2.7,.500,.444,1.3,2.0,.667,1.0,0.7,1.7,0.0,0.0,0.0,0.0,1.0,4.0
Kaiser Gates,SF,27,NOP,1,0,7.0,0.0,4.0,.000,0.0,2.0,.000,0.0,2.0,.000,.000,0.0,0.0,,0.0,1.0,1.0,0.0,0.0,0.0,0.0,0.0,0.0
Keyonte George,PG,20,UTA,11,3,23.0,2.7,7.1,.385,1.3,4.2,.304,1.5,2.9,.500,.474,1.3,1.5,.824,0.4,2.1,2.5,4.8,0.4,0.2,1.7,1.0,8.0
Paul George,PF,33,LAC,10,10,34.1,8.0,16.9,.473,3.2,8.2,.390,4.8,8.7,.552,.568,5.5,5.9,.932,0.5,5.0,5.5,3.6,2.4,0.1,3.0,2.8,24.7
Josh Giddey,SG,21,OKC,11,11,28.0,5.5,12.8,.433,0.4,1.9,.190,5.2,10.9,.475,.447,1.1,1.4,.800,1.3,4.5,5.8,5.3,0.6,0.6,3.0,1.0,12.5
Harry Giles,C,25,BRK,1,0,6.0,3.0,3.0,1.000,1.0,1.0,1.000,2.0,2.0,1.000,1.167,0.0,0.0,,0.0,1.0,1.0,0.0,0.0,0.0,1.0,1.0,7.0
Shai Gilgeous-Alexander,PG,25,OKC,10,10,34.9,11.1,20.8,.534,1.2,3.9,.308,9.9,16.9,.586,.563,5.9,6.5,.908,0.7,6.2,6.9,5.9,2.6,0.7,2.3,2.2,29.3
Anthony Gill,PF,31,WAS,6,0,6.8,1.0,2.2,.462,0.0,0.2,.000,1.0,2.0,.500,.462,1.0,1.3,.750,0.5,0.8,1.3,0.5,0.3,0.5,0.8,0.7,3.0
Collin Gillespie,PG,24,DEN,6,0,11.8,1.3,3.0,.444,0.5,1.8,.273,0.8,1.2,.714,.528,0.2,0.2,1.000,0.0,0.5,0.5,1.2,0.8,0.0,0.3,1.5,3.3
Jacob Gilyard,PG,25,MEM,8,3,17.3,1.6,3.4,.481,1.5,3.1,.480,0.1,0.3,.500,.704,0.0,0.0,,0.5,1.4,1.9,3.4,0.9,0.1,0.6,1.1,4.8
Rudy Gobert,C,31,MIN,11,11,32.4,4.0,7.8,.512,0.0,0.0,,4.0,7.8,.512,.512,3.2,5.5,.583,4.2,8.2,12.4,1.4,0.7,2.3,1.7,2.7,11.2
Jordan Goodwin,PG,25,PHO,11,0,18.1,2.3,6.7,.338,1.3,3.5,.359,1.0,3.2,.314,.432,0.9,1.2,.769,1.0,2.8,3.8,2.0,1.0,0.5,0.9,1.3,6.7
Aaron Gordon,PF,28,DEN,11,11,32.5,6.0,10.6,.564,0.6,2.0,.318,5.4,8.6,.621,.594,1.6,2.8,.581,2.2,4.8,7.0,4.0,1.2,1.1,2.1,1.8,14.3
Eric Gordon,SG,35,PHO,10,6,29.5,5.6,12.1,.463,2.2,6.2,.355,3.4,5.9,.576,.554,0.3,0.3,1.000,0.5,1.6,2.1,3.0,0.9,0.4,1.4,1.1,13.7
Devonte' Graham,PG,28,SAS,2,0,14.5,0.5,2.5,.200,0.0,1.5,.000,0.5,1.0,.500,.200,2.0,2.5,.800,0.5,0.5,1.0,4.0,1.0,0.5,1.0,1.0,3.0
Jerami Grant,PF,29,POR,11,11,36.1,7.7,17.9,.431,2.3,6.5,.352,5.5,11.5,.476,.495,4.8,6.2,.779,0.9,3.5,4.5,1.8,0.5,0.9,2.7,2.5,22.5
A.J. Green,SG,24,MIL,5,0,8.6,0.8,2.2,.364,0.6,1.8,.333,0.2,0.4,.500,.500,0.2,0.2,1.000,0.0,0.8,0.8,1.2,0.0,0.0,0.0,0.8,2.4
Danny Green,SG,36,PHI,2,0,9.0,0.0,1.0,.000,0.0,0.5,.000,0.0,0.5,.000,.000,0.0,0.0,,0.0,1.0,1.0,0.5,0.5,0.0,0.0,0.5,0.0
Draymond Green,PF,33,GSW,9,9,22.2,3.0,6.2,.482,1.0,2.2,.450,2.0,4.0,.500,.563,1.8,2.0,.889,1.4,3.7,5.1,5.7,0.7,0.6,1.8,2.4,8.8
Jalen Green,SG,21,HOU,9,9,32.1,6.0,14.6,.412,2.0,5.0,.400,4.0,9.6,.419,.481,5.0,6.4,.776,0.4,4.2,4.7,2.7,0.7,0.3,2.1,1.6,19.0
Jeff Green,PF,37,HOU,9,0,15.3,2.4,4.0,.611,0.4,1.2,.364,2.0,2.8,.720,.667,1.9,2.7,.708,1.2,2.0,3.2,0.4,0.2,0.2,0.6,1.1,7.2
Josh Green,SG,23,DAL,12,3,26.3,2.4,6.0,.403,1.3,3.7,.341,1.2,2.3,.500,.507,0.6,1.2,.500,0.6,2.0,2.6,2.2,1.0,0.2,1.0,1.8,6.7
AJ Griffin,SF,20,ATL,7,0,9.1,1.1,2.4,.471,0.9,2.0,.429,0.3,0.4,.667,.647,0.3,0.3,1.000,0.1,0.6,0.7,0.3,0.1,0.0,0.6,0.6,3.4
Quentin Grimes,SG,23,NYK,11,11,24.7,2.9,6.8,.427,2.3,5.7,.397,0.6,1.1,.583,.593,0.0,0.1,.000,0.1,1.3,1.4,1.1,0.7,0.0,0.6,1.7,8.1
Mouhamed Gueye,PF,21,ATL,2,0,2.0,0.0,0.5,.000,0.0,0.5,.000,0.0,0.0,,.000,0.0,0.0,,0.0,0.0,0.0,0.0,0.5,0.0,0.0,0.5,0.0
Rui Hachimura,PF,25,LAL,8,1,20.6,4.6,8.0,.578,1.4,2.8,.500,3.3,5.3,.619,.664,2.1,2.8,.773,0.8,2.8,3.5,0.8,1.1,0.4,1.0,1.4,12.8
Tyrese Haliburton,PG,23,IND,10,10,33.7,8.6,16.3,.528,3.4,7.8,.436,5.2,8.5,.612,.632,4.1,4.4,.932,0.5,3.7,4.2,12.5,1.1,0.7,2.1,1.1,24.7
R.J. Hampton,PG,22,MIA,1,0,2.0,0.0,1.0,.000,0.0,0.0,,0.0,1.0,.000,.000,0.0,0.0,,0.0,0.0,0.0,0.0,0.0,0.0,0.0,0.0,0.0
Tim Hardaway Jr.,SF,31,DAL,12,0,27.8,6.3,14.2,.441,3.8,9.3,.402,2.5,4.8,.517,.574,2.4,2.7,.906,0.3,3.6,3.9,1.7,0.3,0.0,1.0,0.8,18.7
James Harden,SG,34,LAC,5,5,32.2,4.8,10.2,.471,2.0,5.4,.370,2.8,4.8,.583,.569,3.4,3.4,1.000,0.4,4.0,4.4,4.2,1.2,0.2,2.2,1.0,15.0
Jaden Hardy,SG,21,DAL,10,0,11.8,2.6,6.3,.413,0.9,2.9,.310,1.7,3.4,.500,.484,1.4,1.9,.737,0.2,1.4,1.6,1.3,0.3,0.0,0.6,0.9,7.5
Gary Harris,SG,29,ORL,6,1,18.3,2.8,5.0,.567,1.7,3.5,.476,1.2,1.5,.778,.733,0.3,0.8,.400,0.7,1.2,1.8,1.2,0.5,0.3,0.7,0.3,7.7
Joe Harris,SG,32,DET,7,0,14.0,1.3,3.6,.360,0.9,2.7,.316,0.4,0.9,.500,.480,0.0,0.0,,0.3,0.7,1.0,0.9,0.3,0.0,0.4,1.7,3.4
Tobias Harris,PF,31,PHI,11,11,36.5,7.5,13.1,.569,1.1,3.0,.364,6.4,10.1,.631,.611,3.5,4.0,.886,1.0,5.6,6.6,2.8,0.8,0.5,2.0,1.7,19.5
Josh Hart,SF,28,NYK,11,4,28.9,2.9,7.4,.395,1.0,3.5,.289,1.9,3.9,.488,.463,0.5,0.6,.714,1.2,5.5,6.6,2.7,0.8,0.2,1.1,2.2,7.3
Isaiah Hartenstein,C,25,NYK,11,0,16.9,2.8,4.7,.596,0.1,0.3,.333,2.7,4.5,.612,.606,1.1,1.7,.632,2.5,1.9,4.4,1.0,1.2,0.4,0.8,2.8,6.8
Sam Hauser,SF,26,BOS,11,1,20.9,3.2,6.6,.479,2.7,6.1,.448,0.5,0.5,.833,.685,0.4,0.4,1.000,0.5,2.6,3.2,0.5,0.5,0.5,0.4,1.7,9.5
Jordan Hawkins,SG,21,NOP,11,7,29.4,4.5,11.8,.377,2.9,8.1,.360,1.5,3.7,.415,.500,1.9,2.3,.840,0.8,3.2,4.0,1.7,0.7,0.0,1.2,2.3,13.7
Jaxson Hayes,C,23,LAL,10,0,10.1,0.9,1.5,.600,0.0,0.0,,0.9,1.5,.600,.600,0.9,1.4,.643,0.3,1.0,1.3,0.4,0.3,0.5,0.8,2.1,2.7
Killian Hayes,PG,22,DET,12,12,29.8,4.0,10.0,.400,1.2,3.6,.326,2.8,6.4,.442,.458,1.5,2.0,.750,0.3,2.9,3.3,4.8,1.3,0.6,0.9,2.4,10.7
Gordon Hayward,SF,33,CHO,9,9,32.7,6.7,14.2,.469,1.0,2.6,.391,5.7,11.7,.486,.504,2.9,4.1,.703,1.1,4.1,5.2,5.2,1.7,0.7,1.9,2.0,17.2
Scoot Henderson,PG,19,POR,5,5,28.4,3.6,10.4,.346,0.4,4.2,.095,3.2,6.2,.516,.365,1.2,1.4,.857,0.6,1.6,2.2,4.6,0.6,0.2,4.0,4.0,8.8
Taylor Hendricks,PF,20,UTA,1,0,2.0,0.0,0.0,,0.0,0.0,,0.0,0.0,,,1.0,2.0,.500,0.0,1.0,1.0,0.0,0.0,0.0,0.0,0.0,1.0
Tyler Herro,SG,24,MIA,8,8,34.0,8.5,19.0,.447,3.1,7.6,.410,5.4,11.4,.473,.530,2.8,3.1,.880,0.4,4.6,5.0,4.6,1.4,0.0,2.5,1.6,22.9
Buddy Hield,SF,31,IND,11,0,23.5,4.5,11.1,.410,2.9,7.8,.372,1.6,3.3,.500,.541,0.1,0.2,.500,0.6,2.6,3.3,2.8,0.6,0.6,1.8,1.4,12.1
Haywood Highsmith,PF,27,MIA,7,6,26.6,3.0,6.7,.447,1.4,4.1,.345,1.6,2.6,.611,.553,1.0,1.3,.778,0.7,2.3,3.0,1.6,1.4,1.1,0.6,1.9,8.4
Nate Hinton,SG,24,HOU,2,0,4.0,1.0,2.0,.500,1.0,1.0,1.000,0.0,1.0,.000,.750,0.0,0.0,,0.0,0.0,0.0,0.0,0.0,0.0,0.0,0.5,3.0
D'Moi Hodge,SG,25,LAL,3,0,5.3,0.3,1.7,.200,0.0,1.3,.000,0.3,0.3,1.000,.200,0.3,0.7,.500,0.0,0.0,0.0,0.3,0.0,0.3,0.3,0.7,1.0
Aaron Holiday,PG,27,HOU,7,0,15.7,2.0,4.9,.412,0.7,2.1,.333,1.3,2.7,.474,.485,0.4,0.4,1.000,0.1,1.4,1.6,1.3,0.3,0.0,0.6,1.0,5.1
Jrue Holiday,PG,33,BOS,11,11,34.1,5.3,11.7,.450,1.6,4.8,.340,3.6,6.9,.526,.519,1.2,1.5,.813,2.0,5.5,7.5,5.3,0.6,1.1,1.8,1.5,13.4
Justin Holiday,SG,34,DEN,4,0,4.8,0.5,1.0,.500,0.5,1.0,.500,0.0,0.0,,.750,0.0,0.0,,0.0,1.0,1.0,0.3,0.0,0.0,0.0,0.3,1.5
Richaun Holmes,C,30,DAL,4,0,6.3,1.3,2.5,.500,0.0,0.0,,1.3,2.5,.500,.500,0.0,0.0,,1.3,1.5,2.8,0.3,0.0,0.0,0.8,1.3,2.5
Chet Holmgren,C,21,OKC,11,11,30.0,5.4,10.2,.527,1.7,3.7,.463,3.6,6.5,.563,.612,3.3,3.6,.900,1.5,6.1,7.5,2.6,1.0,2.2,2.0,3.2,15.7
Al Horford,C,37,BOS,10,3,24.4,2.3,5.6,.411,1.0,3.4,.294,1.3,2.2,.591,.500,0.2,0.2,1.000,1.8,4.4,6.2,2.2,0.5,1.0,1.1,1.6,5.8
Talen Horton-Tucker,PG,23,UTA,11,8,23.2,3.8,9.5,.400,1.2,3.5,.342,2.6,6.1,.433,.462,0.6,0.8,.778,0.6,2.5,3.2,5.0,1.0,0.5,2.3,2.2,9.5
Danuel House Jr.,SF,30,PHI,6,0,11.0,0.7,1.5,.444,0.2,0.8,.200,0.5,0.7,.750,.500,0.3,0.5,.667,0.2,0.8,1.0,0.3,0.2,0.2,1.0,0.7,1.8
Caleb Houstan,SF,21,ORL,5,0,6.0,1.0,2.0,.500,0.8,1.8,.444,0.2,0.2,1.000,.700,0.2,0.2,1.000,0.0,0.6,0.6,0.2,0.0,0.0,0.0,0.4,3.0
Jett Howard,SF,20,ORL,4,0,4.0,0.3,2.0,.125,0.0,1.5,.000,0.3,0.5,.500,.125,0.0,0.0,,0.3,0.3,0.5,0.3,0.0,0.0,0.0,0.0,0.5
Kevin Huerter,SG,25,SAC,10,10,28.3,5.1,11.4,.447,2.8,7.2,.389,2.3,4.2,.548,.570,1.0,1.2,.833,0.7,4.3,5.0,3.0,1.0,0.4,1.1,2.4,14.0
De'Andre Hunter,SF,26,ATL,11,11,30.5,4.5,10.5,.435,1.6,4.8,.340,2.9,5.6,.516,.513,2.5,3.1,.794,0.6,3.3,3.9,1.6,0.9,0.4,1.5,3.3,13.2
Bones Hyland,PG,23,LAC,8,2,23.5,4.4,10.0,.438,1.9,5.3,.357,2.5,4.8,.526,.531,1.1,1.3,.900,0.3,1.4,1.6,2.9,0.8,0.0,2.0,2.6,11.8
Joe Ingles,SF,36,ORL,11,0,18.9,1.1,3.5,.316,0.8,2.5,.333,0.3,1.0,.273,.434,0.4,0.5,.800,0.5,2.0,2.5,2.9,0.8,0.2,0.7,1.4,3.4
Brandon Ingram,SF,26,NOP,8,8,34.0,9.5,19.1,.497,1.0,4.8,.211,8.5,14.4,.591,.523,2.9,3.9,.742,0.6,5.1,5.8,5.0,0.6,0.3,3.1,1.8,22.9
Kyrie Irving,SG,31,DAL,9,9,32.8,8.2,17.9,.460,2.8,6.9,.403,5.4,11.0,.495,.537,3.1,3.7,.848,0.8,3.3,4.1,6.7,1.2,0.4,1.7,1.8,22.3
Jonathan Isaac,PF,26,ORL,9,0,13.2,1.6,4.9,.318,0.7,2.8,.240,0.9,2.1,.421,.386,1.3,1.7,.800,0.8,3.0,3.8,0.3,1.0,1.4,0.7,1.4,5.1
Jaden Ivey,SG,21,DET,8,0,19.6,4.0,8.0,.500,1.3,3.3,.385,2.8,4.8,.579,.578,1.8,2.3,.778,0.9,1.6,2.5,2.8,0.8,0.4,1.8,2.6,11.0
Andre Jackson Jr.,SG,22,MIL,7,1,9.3,0.7,1.4,.500,0.1,0.7,.200,0.6,0.7,.800,.550,0.0,0.0,,0.9,1.0,1.9,0.7,0.4,0.0,0.7,2.0,1.6
Gregory Jackson II,PF,19,MEM,1,0,1.0,0.0,0.0,,0.0,0.0,,0.0,0.0,,,0.0,0.0,,0.0,0.0,0.0,0.0,0.0,0.0,0.0,0.0,0.0
Isaiah Jackson,C,22,IND,5,0,14.6,2.0,3.6,.556,0.0,0.0,,2.0,3.6,.556,.556,1.6,2.6,.615,1.8,2.6,4.4,0.8,0.2,1.8,0.4,3.0,5.6
Jaren Jackson Jr.,C,24,MEM,11,11,30.7,6.7,15.3,.440,1.6,5.1,.321,5.1,10.2,.500,.494,4.3,5.2,.825,1.7,4.4,6.1,2.3,0.4,1.7,1.8,3.2,19.4
Reggie Jackson,PG,33,DEN,11,4,24.0,4.3,9.3,.461,1.4,3.8,.357,2.9,5.5,.533,.534,0.8,1.4,.600,0.1,1.8,1.9,3.6,0.8,0.4,1.2,1.6,10.7
Trayce Jackson-Davis,PF,23,GSW,9,0,8.1,1.1,2.0,.556,0.0,0.0,,1.1,2.0,.556,.556,1.2,2.0,.611,1.0,1.1,2.1,0.7,0.1,0.6,0.4,1.6,3.4
LeBron James,PF,39,LAL,11,11,33.9,9.3,16.3,.570,2.0,5.4,.373,7.3,10.9,.667,.631,4.1,6.0,.682,0.6,8.0,8.6,6.0,1.5,0.9,4.3,1.5,24.6
Jaime Jaquez Jr.,SF,22,MIA,11,3,22.9,3.8,7.6,.500,0.8,2.9,.281,3.0,4.7,.635,.554,0.6,0.7,.875,1.2,2.2,3.4,2.1,1.2,0.3,1.2,2.2,9.1
DaQuan Jeffries,SG,26,NYK,4,0,3.0,0.8,1.3,.600,0.3,0.8,.333,0.5,0.5,1.000,.700,0.0,0.0,,0.0,0.5,0.5,0.3,0.0,0.0,0.3,0.3,1.8
Ty Jerome,SG,26,CLE,2,0,7.5,1.0,2.0,.500,0.0,0.5,.000,1.0,1.5,.667,.500,0.0,0.0,,0.5,0.0,0.5,1.5,0.0,0.0,0.5,1.0,2.0
Isaiah Joe,SG,24,OKC,11,0,19.0,2.7,6.9,.395,2.3,5.5,.410,0.5,1.4,.333,.559,1.0,1.3,.786,0.1,1.8,1.9,1.1,0.8,0.1,0.7,1.3,8.7
Cameron Johnson,PF,27,BRK,4,4,28.8,5.3,12.5,.420,2.3,7.0,.321,3.0,5.5,.545,.510,1.5,2.0,.750,1.5,3.8,5.3,1.5,1.3,0.0,1.8,1.3,14.3
Jalen Johnson,SF,22,ATL,11,8,30.1,6.0,9.8,.611,1.4,2.9,.469,4.6,6.9,.671,.681,1.4,2.0,.682,1.5,6.2,7.7,2.2,0.9,0.8,2.2,2.4,14.7
Keldon Johnson,SF,24,SAS,10,10,32.3,6.0,13.6,.441,1.6,5.1,.314,4.4,8.5,.518,.500,1.7,2.5,.680,0.8,5.3,6.1,4.3,0.8,0.3,1.2,2.9,15.3
Keyontae Johnson,SF,23,OKC,1,0,6.0,0.0,1.0,.000,0.0,0.0,,0.0,1.0,.000,.000,0.0,0.0,,0.0,0.0,0.0,0.0,0.0,0.0,0.0,0.0,0.0
Nikola Jokić,C,28,DEN,11,11,34.7,11.6,20.1,.579,1.5,4.7,.327,10.1,15.4,.657,.618,5.2,6.5,.803,3.4,10.5,13.9,8.4,1.0,0.7,3.5,2.2,30.0
Colby Jones,SG,21,SAC,6,0,8.5,1.3,2.8,.471,0.2,0.7,.250,1.2,2.2,.538,.500,0.3,0.3,1.000,0.8,1.2,2.0,0.3,0.2,0.2,0.5,0.8,3.2
Damian Jones,C,28,CLE,7,0,5.0,0.4,0.4,1.000,0.0,0.0,,0.4,0.4,1.000,1.000,0.1,0.3,.500,0.3,0.7,1.0,0.3,0.0,0.1,0.3,0.4,1.0
Derrick Jones Jr.,SF,26,DAL,12,12,22.5,3.6,6.8,.524,1.5,4.1,.367,2.1,2.8,.758,.634,1.0,1.4,.706,0.9,2.6,3.5,1.2,0.6,0.8,1.0,1.3,9.7
Herbert Jones,SF,25,NOP,8,8,31.0,3.8,7.4,.508,1.0,3.4,.296,2.8,4.0,.688,.576,2.6,3.0,.875,0.6,3.3,3.9,2.0,2.0,1.6,1.4,3.6,11.1
Tre Jones,PG,24,SAS,9,0,25.8,3.2,7.2,.446,0.6,2.2,.250,2.7,5.0,.533,.485,1.8,1.9,.941,0.8,2.4,3.2,6.0,0.8,0.4,1.4,1.3,8.8
Tyus Jones,PG,27,WAS,11,11,26.4,4.1,8.9,.459,1.3,3.5,.368,2.8,5.5,.517,.531,0.2,0.4,.500,0.4,2.3,2.6,4.8,0.9,0.2,0.8,1.2,9.6
DeAndre Jordan,C,35,DEN,1,0,12.0,0.0,0.0,,0.0,0.0,,0.0,0.0,,,1.0,2.0,.500,1.0,0.0,1.0,1.0,0.0,0.0,1.0,2.0,1.0
Cory Joseph,PG,32,GSW,5,0,5.2,0.6,1.8,.333,0.6,1.2,.500,0.0,0.6,.000,.500,0.0,0.2,.000,0.2,0.2,0.4,1.4,0.2,0.0,0.8,0.8,1.8
Nikola Jović,PF,20,MIA,2,1,14.0,2.0,4.0,.500,1.5,2.5,.600,0.5,1.5,.333,.688,1.0,1.0,1.000,0.0,7.5,7.5,2.0,0.5,0.0,1.0,1.0,6.5
Luke Kennard,SG,27,MEM,8,0,21.5,2.6,7.3,.362,2.1,5.8,.370,0.5,1.5,.333,.509,0.9,0.9,1.000,0.4,2.5,2.9,2.0,0.6,0.1,0.6,0.5,8.3
Walker Kessler,C,22,UTA,8,8,24.0,3.5,6.4,.549,0.3,0.8,.333,3.3,5.6,.578,.569,1.0,1.6,.615,3.4,4.5,7.9,0.3,0.0,2.1,1.0,2.1,8.3
Braxton Key,SF,26,DEN,4,0,2.5,0.3,1.0,.250,0.0,0.3,.000,0.3,0.8,.333,.250,0.0,0.0,,0.0,0.3,0.3,0.8,0.0,0.0,0.0,0.5,0.5
Corey Kispert,SF,24,WAS,10,0,22.4,3.4,7.6,.447,1.9,5.1,.373,1.5,2.5,.600,.572,1.7,2.1,.810,0.5,1.9,2.4,1.7,0.3,0.0,1.2,1.7,10.4
Maxi Kleber,C,32,DAL,5,1,18.0,0.8,3.2,.250,0.6,1.8,.333,0.2,1.4,.143,.344,1.2,2.0,.600,0.8,3.4,4.2,2.0,0.2,0.2,0.8,1.6,3.4
Kevin Knox,SF,24,DET,2,0,26.5,6.0,8.0,.750,3.0,4.5,.667,3.0,3.5,.857,.938,0.0,0.0,,0.5,3.0,3.5,1.0,0.5,0.0,1.0,2.5,15.0
John Konchar,SF,27,MEM,8,0,18.0,1.5,3.4,.444,0.9,2.0,.438,0.6,1.4,.455,.574,0.0,0.0,,1.0,3.1,4.1,1.8,0.8,0.6,0.3,0.9,3.9
Furkan Korkmaz,SG,26,PHI,9,0,7.9,0.8,1.9,.412,0.3,0.8,.429,0.4,1.1,.400,.500,0.3,0.6,.600,0.1,0.6,0.7,0.3,0.6,0.0,0.7,0.3,2.2
Luke Kornet,C,28,BOS,9,0,11.6,1.7,2.1,.789,0.0,0.0,,1.7,2.1,.789,.789,0.7,0.9,.750,1.3,2.2,3.6,0.7,0.4,0.2,0.3,1.1,4.0
Jonathan Kuminga,PF,21,GSW,11,0,20.1,3.8,9.6,.396,0.4,2.1,.174,3.5,7.5,.458,.415,3.5,4.6,.745,1.0,1.9,2.9,0.6,0.6,0.4,1.2,2.7,11.5
Kyle Kuzma,PF,28,WAS,11,11,30.3,9.3,19.6,.472,2.4,6.7,.351,6.9,12.9,.535,.532,3.0,3.8,.786,1.3,4.8,6.1,3.0,0.2,0.5,2.2,1.6,23.9
Jock Landale,C,28,HOU,7,0,11.0,0.7,2.6,.278,0.3,1.3,.222,0.4,1.3,.333,.333,0.3,0.3,1.000,1.1,1.1,2.3,1.0,0.4,0.3,0.7,0.9,2.0
Jake LaRavia,PF,22,MEM,5,0,12.2,1.4,4.0,.350,0.4,2.4,.167,1.0,1.6,.625,.400,0.2,0.4,.500,0.6,1.0,1.6,0.4,0.2,0.0,0.4,1.6,3.4
Zach LaVine,SG,28,CHI,12,12,35.2,7.1,17.4,.407,2.4,7.3,.330,4.7,10.1,.463,.476,5.1,5.8,.871,0.4,4.5,4.9,3.0,0.8,0.3,2.2,2.0,21.7
Saben Lee,PG,24,PHO,3,0,3.3,1.0,2.0,.500,0.0,0.3,.000,1.0,1.7,.600,.500,0.0,0.0,,0.7,0.3,1.0,1.0,0.0,0.3,0.0,0.3,2.0
Alex Len,C,30,SAC,6,0,6.8,1.0,1.3,.750,0.0,0.2,.000,1.0,1.2,.857,.750,0.5,1.2,.429,1.2,1.5,2.7,0.8,0.2,0.8,0.3,0.3,2.5
Kawhi Leonard,SF,32,LAC,10,10,33.9,7.7,16.8,.458,2.5,5.9,.424,5.2,10.9,.477,.533,2.6,3.4,.765,1.1,4.1,5.2,3.7,1.7,0.4,1.7,1.7,20.5
Caris LeVert,SG,29,CLE,10,1,33.1,6.7,15.5,.432,2.0,6.1,.328,4.7,9.4,.500,.497,3.4,4.6,.739,0.6,4.1,4.7,4.1,1.2,0.5,1.4,2.0,18.8
Kira Lewis Jr.,PG,22,NOP,10,0,11.5,1.3,4.0,.325,0.1,1.3,.077,1.2,2.7,.444,.338,0.8,0.9,.889,0.3,0.7,1.0,1.6,0.4,0.1,0.5,0.7,3.5
Maxwell Lewis,SF,21,LAL,5,0,4.0,0.0,0.6,.000,0.0,0.0,,0.0,0.6,.000,.000,0.0,0.0,,0.0,0.2,0.2,0.0,0.0,0.0,0.4,0.0,0.0
E.J. Liddell,PF,23,NOP,3,0,3.0,0.3,1.3,.250,0.0,1.0,.000,0.3,0.3,1.000,.250,0.7,0.7,1.000,0.0,0.7,0.7,0.0,0.0,0.3,0.3,0.3,1.3
Damian Lillard,PG,33,MIL,9,9,33.2,6.2,16.1,.386,2.4,8.6,.286,3.8,7.6,.500,.462,9.4,10.1,.934,0.7,3.6,4.2,5.7,1.1,0.1,3.0,1.1,24.3
Nassir Little,PF,23,PHO,6,0,10.3,1.2,2.5,.467,0.5,1.7,.300,0.7,0.8,.800,.567,0.7,0.7,1.000,0.2,1.0,1.2,0.2,0.8,0.2,0.3,1.5,3.5
Dereck Lively II,C,19,DAL,11,10,24.1,3.9,5.4,.729,0.0,0.2,.000,3.9,5.2,.754,.729,1.3,2.0,.636,2.7,4.4,7.1,1.2,0.6,1.1,0.9,3.5,9.1
Chris Livingston,SF,20,MIL,2,0,4.5,1.0,1.0,1.000,0.5,0.5,1.000,0.5,0.5,1.000,1.250,0.0,0.0,,0.0,0.0,0.0,0.5,0.0,0.0,0.0,0.0,2.5
Kenneth Lofton Jr.,PF,21,MEM,7,0,8.4,1.0,2.6,.389,0.3,0.7,.400,0.7,1.9,.385,.444,0.4,1.4,.300,0.3,1.0,1.3,1.0,0.3,0.3,0.4,1.6,2.7
Kevon Looney,C,27,GSW,12,11,23.9,2.4,3.9,.617,0.0,0.0,,2.4,3.9,.617,.617,0.7,0.8,.800,3.2,5.9,9.1,2.8,0.8,0.4,1.0,2.9,5.5
Brook Lopez,C,35,MIL,11,11,26.9,3.5,8.7,.406,1.7,4.9,.352,1.8,3.8,.476,.505,0.8,1.2,.692,1.2,3.4,4.5,1.0,0.8,2.6,1.0,2.2,9.6
Robin Lopez,C,35,MIL,2,0,4.0,0.0,0.0,,0.0,0.0,,0.0,0.0,,,1.0,1.0,1.000,0.0,0.0,0.0,0.5,0.0,0.0,0.5,0.0,1.0
Kevin Love,PF,35,MIA,6,3,18.0,2.2,6.5,.333,1.5,5.0,.300,0.7,1.5,.444,.449,2.0,2.3,.857,0.7,4.8,5.5,1.7,0.2,0.0,0.7,1.7,7.8
Kyle Lowry,PG,37,MIA,10,10,29.5,2.3,5.5,.418,1.8,4.2,.429,0.5,1.3,.385,.582,0.8,0.8,1.000,0.9,3.3,4.2,4.8,1.2,0.3,1.8,2.7,7.2
Théo Maledon,PG,22,CHO,10,1,18.8,1.9,6.4,.297,0.5,2.9,.172,1.4,3.5,.400,.336,1.1,1.2,.917,0.4,1.9,2.3,2.3,0.7,0.0,1.4,1.7,5.4
Sandro Mamukelashvili,C,24,SAS,3,0,6.3,0.7,1.7,.400,0.0,1.0,.000,0.7,0.7,1.000,.400,0.3,0.7,.500,1.3,1.0,2.3,0.3,0.3,0.0,0.7,0.7,1.7
Terance Mann,SG,27,LAC,4,0,26.0,2.0,4.5,.444,0.5,2.0,.250,1.5,2.5,.600,.500,0.0,0.0,,2.0,2.8,4.8,3.0,0.0,0.0,1.0,2.5,4.5
Tre Mann,PG,22,OKC,4,0,5.0,1.8,2.8,.636,0.5,1.3,.400,1.3,1.5,.833,.727,0.3,0.3,1.000,0.3,1.3,1.5,1.0,0.3,0.0,0.5,0.0,4.3
Boban Marjanović,C,35,HOU,3,0,6.7,1.7,3.0,.556,0.0,0.3,.000,1.7,2.7,.625,.556,0.0,0.3,.000,0.7,2.0,2.7,1.0,0.0,0.3,0.0,0.7,3.3
Lauri Markkanen,PF,26,UTA,11,11,33.3,8.1,16.8,.481,3.9,9.2,.426,4.2,7.6,.548,.597,3.8,4.4,.875,2.3,6.4,8.6,1.5,0.9,0.8,1.5,2.4,23.9
Naji Marshall,SF,26,NOP,2,0,17.0,3.5,6.0,.583,1.0,2.5,.400,2.5,3.5,.714,.667,4.0,4.0,1.000,1.5,1.5,3.0,2.0,0.5,1.0,1.5,2.0,12.0
Caleb Martin,SF,28,MIA,1,0,20.0,1.0,7.0,.143,0.0,3.0,.000,1.0,4.0,.250,.143,0.0,0.0,,1.0,2.0,3.0,1.0,1.0,0.0,0.0,1.0,2.0
KJ Martin,SF,23,TOT,6,0,6.5,0.7,1.8,.364,0.2,0.8,.200,0.5,1.0,.500,.409,0.2,0.3,.500,0.2,0.5,0.7,0.3,0.3,0.2,0.5,0.8,1.7
KJ Martin,SF,23,LAC,2,0,15.5,2.0,5.0,.400,0.5,2.5,.200,1.5,2.5,.600,.450,0.5,1.0,.500,0.5,1.0,1.5,0.5,1.0,0.5,1.0,1.5,5.0
KJ Martin,SF,23,PHI,4,0,2.0,0.0,0.3,.000,0.0,0.0,,0.0,0.3,.000,.000,0.0,0.0,,0.0,0.3,0.3,0.3,0.0,0.0,0.3,0.5,0.0
Garrison Mathews,SG,27,ATL,3,0,3.0,0.3,1.0,.333,0.3,1.0,.333,0.0,0.0,,.500,0.0,0.0,,0.0,0.7,0.7,0.0,0.0,0.0,0.0,0.3,1.0
Bennedict Mathurin,SF,21,IND,11,11,24.7,4.8,11.3,.427,1.3,3.9,.326,3.5,7.4,.481,.484,2.0,2.6,.759,1.5,2.5,4.1,2.3,0.7,0.2,1.5,1.3,12.9
Wesley Matthews,SG,37,ATL,2,0,8.5,1.5,1.5,1.000,1.5,1.5,1.000,0.0,0.0,,1.500,0.5,1.0,.500,1.0,1.5,2.5,0.5,0.5,0.0,0.5,2.5,5.0
Tyrese Maxey,PG,23,PHI,11,11,38.0,9.8,20.2,.486,3.3,7.6,.429,6.5,12.5,.522,.568,4.7,5.0,.945,0.7,4.4,5.1,6.7,0.8,0.9,1.5,2.0,27.6
Skylar Mays,PG,26,POR,10,3,19.4,3.1,7.7,.403,0.5,2.5,.200,2.6,5.2,.500,.435,1.0,1.1,.909,0.1,1.4,1.5,4.5,0.7,0.2,1.1,1.4,7.7
Miles McBride,PG,23,NYK,8,0,3.4,0.5,1.4,.364,0.3,1.1,.222,0.3,0.3,1.000,.455,0.1,0.3,.500,0.0,0.3,0.3,0.3,0.4,0.0,0.0,0.4,1.4
CJ McCollum,PG,32,NOP,6,6,34.3,7.3,16.7,.440,3.2,8.3,.380,4.2,8.3,.500,.535,3.8,5.2,.742,0.8,4.0,4.8,5.7,1.5,0.8,1.3,2.3,21.7
T.J. McConnell,PG,31,IND,7,0,13.7,3.1,5.3,.595,0.0,0.4,.000,3.1,4.9,.647,.595,1.3,1.3,1.000,0.6,2.0,2.6,3.3,0.9,0.1,0.7,1.3,7.6
Jaden McDaniels,SF,23,MIN,9,9,24.7,4.3,7.8,.557,1.1,3.0,.370,3.2,4.8,.674,.629,0.1,0.1,1.000,0.8,1.6,2.3,1.4,0.7,0.4,0.9,3.7,9.9
Jalen McDaniels,SF,26,TOR,9,0,9.8,0.6,3.0,.185,0.2,1.7,.133,0.3,1.3,.250,.222,0.0,0.0,,0.1,1.2,1.3,0.6,0.3,0.2,0.2,0.7,1.3
Doug McDermott,SF,32,SAS,11,0,17.5,2.6,5.2,.509,2.1,4.0,.523,0.5,1.2,.462,.711,0.3,0.4,.750,0.2,1.1,1.3,1.6,0.2,0.1,0.8,1.4,7.6
JaVale McGee,C,36,SAC,8,0,11.5,3.1,4.8,.658,0.0,0.1,.000,3.1,4.6,.676,.658,0.8,1.1,.667,1.5,2.3,3.8,0.4,0.4,0.4,1.0,1.1,7.0
Bryce McGowens,SG,21,CHO,5,0,17.0,1.2,2.8,.429,0.6,1.8,.333,0.6,1.0,.600,.536,0.8,1.2,.667,0.0,2.2,2.2,0.6,0.6,0.0,0.8,1.8,3.8
Jordan McLaughlin,PG,27,MIN,5,0,3.8,0.2,0.8,.250,0.2,0.4,.500,0.0,0.4,.000,.375,0.4,0.4,1.000,0.0,0.0,0.0,1.0,0.0,0.4,0.0,0.4,1.0
De'Anthony Melton,SG,25,PHI,11,11,28.8,3.5,9.1,.380,2.1,5.0,.418,1.4,4.1,.333,.495,1.8,2.4,.769,0.5,3.2,3.7,3.9,1.2,0.3,1.2,2.5,10.8
Sam Merrill,SG,27,CLE,5,0,5.0,0.4,1.4,.286,0.4,1.2,.333,0.0,0.2,.000,.429,0.0,0.0,,0.2,0.4,0.6,0.6,0.4,0.0,0.2,0.0,1.2
Chimezie Metu,C,26,PHO,5,0,2.6,0.6,1.6,.375,0.0,0.6,.000,0.6,1.0,.600,.375,0.4,0.4,1.000,0.0,0.8,0.8,0.2,0.0,0.2,0.4,0.4,1.6
Vasilije Micić,PG,30,OKC,4,0,12.8,1.5,3.3,.462,1.0,2.0,.500,0.5,1.3,.400,.615,0.5,1.0,.500,0.0,0.5,0.5,2.8,0.3,0.0,1.5,0.8,4.5
Khris Middleton,SF,32,MIL,9,9,19.1,4.4,8.8,.506,1.2,3.7,.333,3.2,5.1,.630,.576,1.2,1.6,.786,0.7,3.0,3.7,3.8,0.8,0.1,1.8,1.4,11.3
Brandon Miller,SF,21,CHO,9,4,28.8,4.9,11.0,.444,1.1,4.0,.278,3.8,7.0,.540,.495,1.9,2.4,.773,1.4,2.8,4.2,1.6,0.4,0.6,0.9,3.2,12.8
Jordan Miller,SF,24,LAC,2,0,3.5,1.0,1.5,.667,0.5,0.5,1.000,0.5,1.0,.500,.833,0.0,0.0,,0.0,0.0,0.0,0.0,0.0,0.0,0.0,1.0,2.5
Leonard Miller,SF,20,MIN,1,0,2.0,0.0,1.0,.000,0.0,0.0,,0.0,1.0,.000,.000,0.0,0.0,,0.0,1.0,1.0,0.0,0.0,0.0,0.0,0.0,0.0
Shake Milton,SG,27,MIN,11,0,15.6,1.8,4.5,.400,0.5,1.9,.286,1.3,2.6,.483,.460,1.0,1.4,.733,0.3,1.8,2.1,1.2,0.6,0.1,1.1,1.7,5.2
Justin Minaya,SF,24,POR,3,0,4.3,0.0,0.0,,0.0,0.0,,0.0,0.0,,,0.0,0.0,,0.7,0.3,1.0,0.0,0.0,0.0,0.3,0.3,0.0
Josh Minott,SF,21,MIN,6,0,3.0,0.7,1.5,.444,0.0,0.7,.000,0.7,0.8,.800,.444,0.3,0.7,.500,0.2,0.0,0.2,0.2,0.0,0.2,0.0,0.3,1.7
Davion Mitchell,PG,25,SAC,8,3,21.0,2.4,6.4,.373,1.3,3.8,.333,1.1,2.6,.429,.471,0.1,0.1,1.000,0.1,1.5,1.6,2.8,0.5,0.3,1.0,2.4,6.1
Donovan Mitchell,SG,27,CLE,10,10,36.2,10.5,21.6,.486,3.5,8.9,.393,7.0,12.7,.551,.567,4.7,5.3,.887,0.9,4.0,4.9,5.3,2.0,0.6,2.6,2.3,29.2
Evan Mobley,PF,22,CLE,11,11,32.6,6.8,12.7,.536,0.1,0.6,.143,6.7,12.1,.556,.539,2.8,3.8,.738,3.1,7.4,10.5,2.9,0.8,1.9,2.0,2.7,16.5
Isaiah Mobley,PF,24,CLE,1,0,1.0,0.0,0.0,,0.0,0.0,,0.0,0.0,,,0.0,0.0,,0.0,1.0,1.0,0.0,0.0,0.0,0.0,1.0,0.0
Malik Monk,SG,25,SAC,10,0,23.5,4.0,10.5,.381,2.0,5.7,.351,2.0,4.8,.417,.476,3.1,3.7,.838,0.8,2.2,3.0,5.4,0.5,0.7,2.3,1.6,13.1
Moses Moody,SG,21,GSW,12,1,16.8,2.6,5.6,.463,1.2,3.3,.350,1.4,2.3,.630,.567,0.8,1.1,.769,0.8,2.1,2.8,1.2,1.1,0.3,0.4,0.9,7.2
Marcus Morris,PF,34,PHI,4,0,9.5,0.5,2.3,.222,0.0,1.0,.000,0.5,1.3,.400,.222,0.3,0.3,1.000,0.0,1.3,1.3,0.3,0.0,0.3,0.3,0.8,1.3
Markieff Morris,PF,34,DAL,1,0,4.0,0.0,2.0,.000,0.0,2.0,.000,0.0,0.0,,.000,0.0,0.0,,0.0,1.0,1.0,0.0,0.0,0.0,0.0,0.0,0.0
Dejounte Murray,SG,27,ATL,11,11,34.5,8.3,16.5,.500,2.2,5.6,.387,6.1,10.9,.558,.566,3.3,4.0,.818,0.5,4.1,4.6,5.6,1.5,0.4,2.5,1.4,22.0
Jamal Murray,PG,26,DEN,7,7,30.9,6.0,13.9,.433,2.0,4.6,.438,4.0,9.3,.431,.505,2.3,2.7,.842,0.4,2.1,2.6,7.4,0.3,0.7,2.3,1.9,16.3
Keegan Murray,SF,23,SAC,10,10,34.3,5.3,13.7,.387,2.4,8.1,.296,2.9,5.6,.518,.474,1.4,1.7,.824,1.8,5.0,6.8,1.9,1.5,0.7,1.2,2.2,14.4
Kris Murray,SF,23,POR,6,0,7.2,0.3,1.2,.286,0.2,0.7,.250,0.2,0.5,.333,.357,0.0,0.0,,0.0,0.5,0.5,0.5,0.3,0.2,0.0,0.7,0.8
Mike Muscala,C,32,WAS,6,1,10.7,1.0,2.7,.375,0.3,1.3,.250,0.7,1.3,.500,.438,0.7,0.7,1.000,0.3,1.8,2.2,0.7,0.2,0.2,1.0,1.2,3.0
Svi Mykhailiuk,SF,26,BOS,6,0,8.0,0.8,2.5,.333,0.5,2.0,.250,0.3,0.5,.667,.433,0.0,0.0,,0.2,0.7,0.8,0.2,0.3,0.0,0.7,0.7,2.2
Larry Nance Jr.,C,31,NOP,10,0,15.7,1.6,3.3,.485,0.3,0.9,.333,1.3,2.4,.542,.530,0.3,0.6,.500,1.3,3.1,4.4,0.8,0.5,0.1,0.9,1.4,3.8
Andrew Nembhard,PG,24,IND,11,1,18.4,3.3,6.8,.480,0.7,2.5,.286,2.5,4.3,.596,.533,0.3,0.4,.750,0.4,1.5,1.8,4.0,0.8,0.0,1.5,1.9,7.5
Aaron Nesmith,SF,24,IND,11,0,23.9,4.0,7.8,.512,2.1,4.5,.460,1.9,3.3,.583,.645,1.1,1.7,.632,0.9,2.6,3.5,1.2,0.8,0.6,0.5,3.0,11.2
Georges Niang,PF,30,CLE,11,1,22.3,2.4,6.7,.351,1.3,4.5,.286,1.1,2.3,.480,.446,0.4,0.4,1.000,0.4,3.3,3.6,0.9,0.1,0.2,0.6,2.5,6.4
Daishen Nix,PG,21,MIN,3,0,2.3,0.3,0.3,1.000,0.0,0.0,,0.3,0.3,1.000,1.000,0.0,0.0,,0.0,0.0,0.0,0.0,0.3,0.0,0.0,0.0,0.7
Zeke Nnaji,PF,23,DEN,11,0,10.9,1.3,2.5,.500,0.1,0.5,.200,1.2,2.1,.565,.518,0.6,1.1,.583,0.8,1.7,2.5,0.5,0.2,0.5,0.4,1.1,3.3
Markquis Nowell,SG,24,TOR,1,0,4.0,0.0,1.0,.000,0.0,0.0,,0.0,1.0,.000,.000,2.0,2.0,1.000,2.0,0.0,2.0,2.0,1.0,0.0,0.0,0.0,2.0
Jusuf Nurkić,C,29,PHO,11,11,27.1,3.1,7.9,.391,0.7,2.7,.267,2.4,5.2,.456,.437,2.5,3.6,.700,2.7,6.1,8.8,4.5,1.3,0.9,1.9,3.4,9.5
Jordan Nwora,SF,25,IND,3,0,12.0,2.0,6.0,.333,0.7,2.7,.250,1.3,3.3,.400,.389,0.7,1.0,.667,0.3,1.7,2.0,1.3,0.0,0.3,1.7,0.7,5.3
Royce O'Neale,SF,30,BRK,11,4,31.5,2.9,8.1,.360,2.6,6.8,.387,0.3,1.3,.214,.522,0.2,0.4,.500,0.7,5.4,6.1,3.2,0.5,0.8,1.1,3.3,8.6
Chuma Okeke,SF,25,ORL,5,0,3.2,0.2,0.8,.250,0.0,0.6,.000,0.2,0.2,1.000,.250,0.0,0.0,,0.6,0.6,1.2,0.2,0.0,0.0,0.2,0.0,0.4
Josh Okogie,SG,25,PHO,11,6,23.3,2.5,5.5,.443,0.6,2.4,.269,1.8,3.2,.571,.500,2.5,2.8,.871,1.7,1.5,3.2,1.2,0.7,0.5,0.8,1.2,8.0
Onyeka Okongwu,C,23,ATL,11,0,22.4,3.3,5.3,.621,0.2,0.7,.250,3.1,4.5,.680,.638,2.5,2.7,.933,2.7,4.1,6.8,1.5,0.6,1.0,1.1,3.2,9.3
Isaac Okoro,SF,23,CLE,6,5,28.8,3.5,7.2,.488,1.0,2.5,.400,2.5,4.7,.536,.558,1.5,2.2,.692,2.0,2.8,4.8,2.2,1.2,0.5,1.0,3.8,9.5
Kelly Olynyk,C,32,UTA,11,0,20.7,2.8,4.8,.585,0.8,1.8,.450,2.0,3.0,.667,.670,1.3,1.5,.875,2.3,3.7,6.0,3.4,1.1,0.2,1.9,2.9,7.7
Eugene Omoruyi,SF,26,WAS,6,0,8.0,2.2,3.2,.684,0.3,0.8,.400,1.8,2.3,.786,.737,0.8,1.3,.625,0.7,1.8,2.5,1.0,0.5,0.2,1.0,1.0,5.5
Cedi Osman,SF,28,SAS,11,0,19.3,3.0,5.9,.508,1.5,3.5,.447,1.5,2.5,.593,.638,0.3,0.5,.600,0.3,1.4,1.6,1.4,0.5,0.3,0.5,1.2,7.8
Kelly Oubre Jr.,SF,28,PHI,8,5,29.0,5.9,11.8,.500,1.8,4.6,.378,4.1,7.1,.579,.574,2.8,3.5,.786,1.4,3.8,5.1,0.6,1.4,0.4,0.9,2.4,16.3
Chris Paul,PG,38,GSW,12,3,27.8,3.4,9.1,.376,0.7,3.3,.200,2.8,5.8,.478,.413,1.3,1.4,.882,0.3,3.5,3.8,7.0,1.6,0.1,1.3,1.4,8.8
Cameron Payne,PG,29,MIL,11,2,17.9,2.5,4.9,.500,1.4,2.5,.536,1.1,2.4,.462,.639,0.5,0.5,1.000,0.1,0.9,1.0,2.1,0.5,0.1,0.9,2.3,6.8
Gary Payton II,SG,31,GSW,11,0,18.1,2.6,5.5,.483,0.8,2.3,.360,1.8,3.2,.571,.558,0.4,0.5,.667,1.2,2.0,3.2,1.1,1.2,0.2,0.5,1.6,6.5
Filip Petrušev,C,23,TOT,2,0,1.5,0.0,0.0,,0.0,0.0,,0.0,0.0,,,0.0,0.0,,0.0,0.5,0.5,0.0,0.0,0.0,0.0,0.0,0.0
Filip Petrušev,C,23,PHI,1,0,3.0,0.0,0.0,,0.0,0.0,,0.0,0.0,,,0.0,0.0,,0.0,1.0,1.0,0.0,0.0,0.0,0.0,0.0,0.0
Filip Petrušev,C,23,SAC,1,0,0.0,0.0,0.0,,0.0,0.0,,0.0,0.0,,,0.0,0.0,,0.0,0.0,0.0,0.0,0.0,0.0,0.0,0.0,0.0
Julian Phillips,SF,20,CHI,5,0,2.8,0.0,0.6,.000,0.0,0.4,.000,0.0,0.2,.000,.000,0.0,0.0,,0.0,0.2,0.2,0.0,0.0,0.0,0.0,0.2,0.0
Jalen Pickett,SG,24,DEN,5,0,5.2,1.2,1.6,.750,0.6,1.0,.600,0.6,0.6,1.000,.938,0.0,0.0,,0.0,0.8,0.8,0.4,0.2,0.0,0.4,0.6,3.0
Mason Plumlee,C,33,LAC,6,0,17.0,2.0,3.2,.632,0.0,0.0,,2.0,3.2,.632,.632,1.0,2.3,.429,1.3,4.2,5.5,1.0,0.7,0.2,0.8,1.0,5.0
Brandin Podziemski,SG,20,GSW,7,0,13.0,2.4,5.0,.486,0.7,1.7,.417,1.7,3.3,.522,.557,0.6,0.7,.800,0.9,2.4,3.3,1.9,0.4,0.0,1.1,1.6,6.1
Jakob Poeltl,C,28,TOR,11,11,25.0,4.9,7.5,.659,0.0,0.0,,4.9,7.5,.659,.659,0.7,1.7,.421,3.0,5.2,8.2,1.8,0.9,0.9,1.5,2.9,10.5
Aleksej Pokusevski,PF,22,OKC,4,0,5.8,0.0,1.3,.000,0.0,1.3,.000,0.0,0.0,,.000,0.3,0.5,.500,0.0,1.0,1.0,0.3,0.0,0.3,0.8,0.8,0.3
Jordan Poole,SG,24,WAS,11,11,29.0,6.1,15.0,.406,2.0,6.6,.301,4.1,8.4,.489,.473,2.0,2.5,.786,0.5,2.1,2.6,3.6,1.3,0.5,3.0,3.2,16.2
Craig Porter Jr.,PG,23,CLE,6,0,8.5,1.3,2.8,.471,0.0,0.2,.000,1.3,2.7,.500,.471,0.5,1.3,.375,0.2,1.5,1.7,1.0,0.5,0.2,0.8,1.3,3.2
Michael Porter Jr.,SF,25,DEN,11,11,30.0,6.4,13.6,.467,2.6,7.5,.354,3.7,6.2,.603,.563,0.9,1.2,.769,1.9,6.0,7.9,1.6,0.5,0.9,1.0,2.4,16.3
Otto Porter Jr.,SF,30,TOR,6,1,14.8,1.2,3.2,.368,0.8,2.2,.385,0.3,1.0,.333,.500,0.2,0.2,1.000,0.5,2.0,2.5,0.2,0.5,0.5,0.0,1.2,3.3
Bobby Portis,PF,28,MIL,11,0,22.8,4.9,9.9,.495,0.8,2.6,.310,4.1,7.3,.563,.537,2.3,3.0,.758,1.1,5.2,6.3,1.5,1.0,0.5,1.1,2.5,12.9
Kristaps Porziņģis,C,28,BOS,10,10,30.2,6.5,11.5,.565,2.0,4.9,.408,4.5,6.6,.682,.652,4.7,5.6,.839,1.3,4.9,6.2,1.9,0.4,1.3,1.2,3.4,19.7
Dwight Powell,C,32,DAL,11,1,16.2,1.8,2.5,.741,0.1,0.1,1.000,1.7,2.4,.731,.759,2.3,3.0,.758,1.9,2.2,4.1,1.5,0.4,0.7,0.3,1.8,6.0
Norman Powell,SG,30,LAC,10,0,24.4,4.5,8.5,.529,2.0,4.4,.455,2.5,4.1,.610,.647,1.8,2.6,.692,0.1,1.8,1.9,1.4,0.5,0.5,1.2,2.7,12.8
Taurean Prince,PF,29,LAL,10,10,29.8,3.5,7.9,.443,1.4,4.4,.318,2.1,3.5,.600,.532,0.7,0.9,.778,0.1,1.8,1.9,0.9,0.6,0.5,0.4,2.7,9.1
Payton Pritchard,PG,26,BOS,11,0,20.7,1.7,5.2,.333,0.7,3.1,.235,1.0,2.1,.478,.404,0.5,0.6,.857,1.4,1.9,3.3,3.5,0.2,0.0,0.6,1.5,4.7
Olivier-Maxence Prosper,PF,21,DAL,5,0,5.8,0.8,2.0,.400,0.2,1.0,.200,0.6,1.0,.600,.450,0.8,1.6,.500,0.4,0.8,1.2,0.2,0.0,0.0,0.0,0.6,2.6
Immanuel Quickley,SG,24,NYK,11,0,24.7,5.1,11.2,.455,2.0,5.1,.393,3.1,6.1,.507,.545,2.8,3.2,.886,0.4,3.0,3.4,3.8,0.5,0.0,1.4,1.5,15.0
Lester Quinones,SG,23,GSW,1,0,5.0,2.0,3.0,.667,1.0,2.0,.500,1.0,1.0,1.000,.833,0.0,0.0,,0.0,0.0,0.0,0.0,0.0,0.0,1.0,0.0,5.0
Julius Randle,PF,29,NYK,11,11,34.5,6.4,17.7,.359,1.8,6.5,.282,4.5,11.3,.403,.410,4.5,6.3,.710,2.3,8.0,10.3,5.2,1.0,0.0,2.8,2.7,19.0
Duop Reath,C,27,POR,3,0,14.7,3.3,8.0,.417,1.7,5.3,.313,1.7,2.7,.625,.521,0.7,0.7,1.000,1.0,1.0,2.0,2.0,0.0,0.3,1.0,2.0,9.0
Austin Reaves,SG,25,LAL,12,8,31.9,4.8,10.9,.443,1.5,4.4,.340,3.3,6.5,.513,.511,2.4,3.0,.806,1.2,4.1,5.3,4.8,1.2,0.1,2.6,1.4,13.6
Cam Reddish,SF,24,LAL,12,6,23.8,2.8,6.4,.429,1.1,3.1,.351,1.7,3.3,.500,.513,1.4,1.8,.810,0.5,2.3,2.8,1.0,1.6,0.3,0.6,1.7,8.0
Paul Reed,C,24,PHI,11,0,13.1,2.2,3.5,.615,0.1,0.4,.250,2.1,3.2,.657,.628,0.2,0.4,.500,1.7,2.9,4.6,1.1,0.4,0.5,0.8,2.1,4.6
Naz Reid,C,24,MIN,11,0,21.5,4.7,8.7,.542,1.8,4.1,.444,2.9,4.6,.627,.646,1.7,1.8,.950,1.0,3.2,4.2,0.7,0.6,0.4,0.9,1.2,13.0
Jared Rhoden,SG,24,DET,5,0,6.0,1.0,1.8,.556,0.2,0.8,.250,0.8,1.0,.800,.611,0.4,0.4,1.000,0.2,0.6,0.8,0.6,0.0,0.0,0.4,0.8,2.6
Nick Richards,C,26,CHO,10,0,18.5,3.2,4.0,.800,0.0,0.0,,3.2,4.0,.800,.800,2.7,3.4,.794,1.7,4.7,6.4,0.4,0.4,1.3,1.3,3.2,9.1
Josh Richardson,SG,30,MIA,8,1,24.9,2.8,7.1,.386,1.0,3.8,.267,1.8,3.4,.519,.456,0.9,1.0,.875,0.1,2.5,2.6,2.8,0.4,0.3,1.1,2.0,7.4
Duncan Robinson,SF,29,MIA,11,3,28.5,4.9,10.9,.450,2.6,7.3,.363,2.3,3.6,.625,.571,0.8,0.9,.900,0.4,2.6,3.0,2.5,0.5,0.2,1.1,2.1,13.3
Jerome Robinson,SG,26,GSW,1,0,5.0,0.0,2.0,.000,0.0,0.0,,0.0,2.0,.000,.000,0.0,0.0,,1.0,1.0,2.0,0.0,0.0,0.0,0.0,0.0,0.0
Mitchell Robinson,C,25,NYK,11,11,29.6,2.8,5.0,.564,0.0,0.0,,2.8,5.0,.564,.564,0.9,2.3,.400,5.8,5.9,11.7,0.5,1.5,1.0,0.5,2.0,6.5
Orlando Robinson,C,23,MIA,2,0,15.0,2.0,4.5,.444,0.5,0.5,1.000,1.5,4.0,.375,.500,1.0,1.0,1.000,1.0,3.0,4.0,3.5,0.5,0.5,1.5,2.0,5.5
Jeremiah Robinson-Earl,PF,23,NOP,4,1,19.0,2.5,4.5,.556,1.5,2.3,.667,1.0,2.3,.444,.722,1.0,1.0,1.000,1.3,3.0,4.3,1.0,0.5,0.0,1.5,1.8,7.5
David Roddy,PF,22,MEM,11,1,22.6,3.7,8.1,.461,0.7,2.9,.250,3.0,5.2,.579,.506,0.6,0.8,.778,1.1,2.6,3.7,1.1,0.5,0.5,0.8,2.0,8.8
Ryan Rollins,PG,21,WAS,7,0,6.9,1.3,2.6,.500,0.1,0.3,.500,1.1,2.3,.500,.528,1.9,2.3,.813,0.3,1.1,1.4,1.4,1.1,0.3,1.0,0.9,4.6
Derrick Rose,PG,35,MEM,4,0,17.8,3.0,9.3,.324,1.3,2.5,.500,1.8,6.8,.259,.392,0.8,1.0,.750,1.0,1.0,2.0,2.8,0.5,0.3,1.5,0.8,8.0
Terry Rozier,SG,29,CHO,5,5,35.8,8.4,18.0,.467,1.6,6.2,.258,6.8,11.8,.576,.511,3.6,4.4,.818,0.8,3.2,4.0,5.0,0.6,0.4,2.2,0.8,22.0
Rayan Rupert,SG,19,POR,4,0,3.0,0.0,1.0,.000,0.0,0.5,.000,0.0,0.5,.000,.000,0.3,0.5,.500,0.0,0.0,0.0,0.0,0.0,0.0,0.3,0.3,0.3
D'Angelo Russell,PG,27,LAL,12,12,33.0,7.1,14.8,.480,2.2,5.8,.371,4.9,8.9,.551,.554,2.4,2.9,.829,0.5,2.9,3.4,6.6,0.4,0.7,1.8,2.4,18.8
Matt Ryan,SF,26,NOP,11,1,23.0,2.9,6.5,.451,2.4,5.4,.441,0.5,1.1,.500,.634,1.1,1.1,1.000,0.5,2.0,2.5,1.2,0.4,0.1,1.2,2.1,9.3
Domantas Sabonis,C,27,SAC,10,10,35.2,7.5,12.5,.600,0.4,1.1,.364,7.1,11.4,.623,.616,3.7,6.1,.607,3.8,9.0,12.8,7.3,1.1,1.0,3.6,3.4,19.1
Luka Šamanić,PF,24,UTA,5,0,3.4,1.0,2.0,.500,0.4,1.0,.400,0.6,1.0,.600,.600,0.2,0.2,1.000,0.0,0.8,0.8,0.2,0.2,0.0,0.0,0.2,2.6
Jermaine Samuels,SF,25,HOU,3,0,6.7,0.7,1.0,.667,0.0,0.3,.000,0.7,0.7,1.000,.667,0.7,0.7,1.000,0.3,0.7,1.0,0.0,0.0,0.3,0.0,1.0,2.0
Dario Šarić,C,29,GSW,12,2,21.0,3.3,7.8,.419,1.4,4.4,.321,1.8,3.3,.550,.511,1.3,1.4,.882,1.8,4.8,6.6,1.9,0.5,0.4,0.9,2.2,9.2
Olivier Sarr,C,24,OKC,4,0,11.0,0.3,0.3,1.000,0.0,0.0,,0.3,0.3,1.000,1.000,1.0,1.5,.667,0.8,3.8,4.5,0.3,0.0,1.3,0.5,1.5,1.5
Marcus Sasser,PG,23,DET,12,0,19.9,3.7,7.6,.484,1.6,3.8,.413,2.1,3.8,.556,.588,0.4,0.4,1.000,0.2,2.5,2.7,2.9,0.8,0.1,0.8,1.8,9.3
Admiral Schofield,PF,26,ORL,1,0,3.0,2.0,4.0,.500,1.0,3.0,.333,1.0,1.0,1.000,.625,0.0,0.0,,0.0,0.0,0.0,0.0,0.0,0.0,0.0,0.0,5.0
Dennis Schröder,PG,30,TOR,11,11,31.5,5.1,12.2,.418,1.6,4.6,.353,3.5,7.5,.458,.485,3.0,3.5,.846,0.7,2.0,2.7,7.5,1.1,0.2,1.9,1.7,14.8
Dereon Seabron,SG,23,NOP,5,0,10.4,0.8,2.6,.308,0.2,0.4,.500,0.6,2.2,.273,.346,1.0,1.2,.833,0.2,1.2,1.4,0.8,0.4,0.2,0.0,0.8,2.8
Alperen Şengün,C,21,HOU,9,9,31.4,8.3,13.9,.600,0.4,1.8,.250,7.9,12.1,.651,.616,2.3,3.8,.618,2.6,5.7,8.2,6.0,1.0,0.4,2.1,2.8,19.4
Brice Sensabaugh,SF,20,UTA,1,0,2.0,0.0,2.0,.000,0.0,0.0,,0.0,2.0,.000,.000,0.0,0.0,,1.0,1.0,2.0,0.0,0.0,0.0,0.0,0.0,0.0
Collin Sexton,SG,25,UTA,11,0,19.6,4.1,8.9,.459,0.9,2.9,.313,3.2,6.0,.530,.510,3.2,3.6,.875,0.6,1.6,2.3,3.1,0.3,0.2,2.0,1.7,12.3
Landry Shamet,SG,26,WAS,7,0,16.6,2.7,6.7,.404,1.3,4.4,.290,1.4,2.3,.625,.500,0.1,0.3,.500,0.1,1.3,1.4,1.1,0.7,0.1,0.4,1.9,6.9
Day'Ron Sharpe,C,22,BRK,11,0,14.0,2.7,4.7,.577,0.0,0.2,.000,2.7,4.5,.600,.577,1.6,2.5,.643,2.5,4.1,6.6,0.5,0.4,0.5,1.4,2.2,7.1
Shaedon Sharpe,SG,20,POR,11,10,38.5,6.1,15.0,.406,2.2,6.5,.338,3.9,8.5,.457,.479,4.4,5.4,.814,1.8,3.6,5.5,3.5,0.9,0.5,2.9,2.8,18.7
Ben Sheppard,SG,22,IND,3,0,10.7,1.7,4.0,.417,1.0,2.7,.375,0.7,1.3,.500,.542,0.0,0.0,,0.3,1.0,1.3,0.7,0.0,0.0,0.0,1.3,4.3
Pascal Siakam,PF,29,TOR,11,11,34.5,7.3,15.5,.468,1.1,4.5,.240,6.2,11.0,.562,.503,3.1,4.5,.694,1.3,6.0,7.3,4.8,0.8,0.2,2.8,2.4,18.7
Ben Simmons,PG,27,BRK,6,6,31.8,3.2,6.0,.528,0.0,0.0,,3.2,6.0,.528,.528,0.2,0.7,.250,2.7,8.2,10.8,6.7,0.5,0.8,2.5,2.7,6.5
Anfernee Simons,SG,24,POR,1,1,27.0,6.0,14.0,.429,2.0,6.0,.333,4.0,8.0,.500,.500,4.0,4.0,1.000,1.0,1.0,2.0,4.0,2.0,0.0,0.0,2.0,18.0
Jericho Sims,C,25,NYK,5,0,3.2,0.2,0.4,.500,0.0,0.0,,0.2,0.4,.500,.500,0.2,0.6,.333,0.2,1.4,1.6,0.2,0.0,0.0,0.0,0.2,0.6
Jalen Slawson,SF,24,SAC,1,0,0.0,0.0,0.0,,0.0,0.0,,0.0,0.0,,,0.0,0.0,,0.0,0.0,0.0,0.0,0.0,0.0,0.0,0.0,0.0
Marcus Smart,PG,29,MEM,11,11,29.9,4.6,10.8,.429,1.6,5.5,.295,3.0,5.3,.569,.504,1.5,1.9,.810,0.3,2.2,2.5,5.0,2.0,0.4,3.4,3.2,12.5
Dennis Smith Jr.,PG,26,BRK,10,0,17.0,2.3,5.7,.404,0.6,1.7,.353,1.7,4.0,.425,.456,0.7,0.8,.875,0.8,1.5,2.3,3.0,0.7,0.2,1.1,2.3,5.9
Dru Smith,SG,26,MIA,7,0,18.1,2.1,4.6,.469,1.0,2.3,.438,1.1,2.3,.500,.578,0.3,0.3,1.000,0.9,1.0,1.9,2.0,1.1,0.4,0.7,1.6,5.6
Ish Smith,PG,35,CHO,4,0,12.5,0.8,1.8,.429,0.0,0.0,,0.8,1.8,.429,.429,0.0,0.0,,0.5,1.5,2.0,1.3,0.8,0.0,1.5,1.3,1.5
Jabari Smith Jr.,PF,20,HOU,9,9,28.1,5.0,10.3,.484,1.8,4.9,.364,3.2,5.4,.592,.570,0.6,1.0,.556,1.6,5.4,7.0,1.3,0.6,0.4,1.2,3.3,12.3
Jalen Smith,C,23,IND,9,0,16.1,4.3,6.1,.709,1.1,1.7,.667,3.2,4.4,.725,.800,1.2,1.7,.733,1.7,4.3,6.0,1.2,0.4,0.3,1.1,2.4,11.0
Nick Smith Jr.,SG,19,CHO,4,0,7.0,1.0,2.5,.400,0.8,1.5,.500,0.3,1.0,.250,.550,0.0,0.0,,0.0,0.5,0.5,0.5,0.3,0.0,0.3,0.3,2.8
Jeremy Sochan,PG,20,SAS,11,11,27.6,4.3,9.5,.452,0.7,1.7,.421,3.5,7.7,.459,.490,1.1,1.5,.706,1.4,3.8,5.2,4.5,0.9,0.4,2.5,3.3,10.4
Jaden Springer,SG,21,PHI,7,0,9.9,1.0,2.7,.368,0.1,0.6,.250,0.9,2.1,.400,.395,0.3,0.6,.500,0.6,0.9,1.4,0.7,0.4,0.6,0.9,1.6,2.4
Lamar Stevens,PF,26,BOS,3,0,5.7,1.3,2.3,.571,0.3,0.3,1.000,1.0,2.0,.500,.643,0.0,0.0,,1.3,0.3,1.7,0.7,0.3,0.0,1.0,1.0,3.0
Isaiah Stewart,PF,22,DET,12,12,33.0,4.6,9.7,.474,1.8,4.2,.420,2.8,5.5,.515,.565,1.4,2.0,.708,1.9,5.3,7.2,1.5,0.1,0.7,2.2,3.0,12.3
Julian Strawther,SF,21,DEN,8,0,9.9,2.0,4.5,.444,1.1,3.1,.360,0.9,1.4,.636,.569,0.0,0.3,.000,0.0,0.9,0.9,0.5,0.1,0.3,0.1,0.9,5.1
Max Strus,SF,27,CLE,11,11,35.1,5.1,11.9,.427,2.7,7.8,.349,2.4,4.1,.578,.542,1.4,1.5,.882,0.6,5.1,5.7,3.7,0.7,0.5,1.4,2.5,14.3
Jalen Suggs,SG,22,ORL,11,11,27.9,3.9,10.1,.387,1.5,4.6,.333,2.4,5.5,.433,.464,2.5,3.1,.824,0.9,3.2,4.1,2.9,2.2,0.5,2.1,2.8,11.9
Cole Swider,SF,24,MIA,1,0,2.0,2.0,3.0,.667,1.0,2.0,.500,1.0,1.0,1.000,.833,0.0,0.0,,0.0,1.0,1.0,0.0,0.0,0.0,0.0,0.0,5.0
Jae'Sean Tate,SF,28,HOU,9,0,20.3,2.6,5.1,.500,1.1,2.6,.435,1.4,2.6,.565,.609,0.6,0.8,.714,0.9,2.9,3.8,1.2,1.6,0.4,0.2,2.6,6.8
Jayson Tatum,PF,25,BOS,11,11,36.5,10.2,19.7,.516,3.5,8.9,.398,6.6,10.8,.613,.606,4.5,5.7,.794,0.7,8.1,8.8,4.1,1.3,0.2,2.7,2.2,28.5
Terry Taylor,PF,24,CHI,3,0,2.0,0.3,0.3,1.000,0.0,0.0,,0.3,0.3,1.000,1.000,0.0,0.0,,0.0,0.3,0.3,0.0,0.0,0.0,0.0,0.0,0.7
Garrett Temple,SG,37,TOR,4,0,3.3,0.8,1.0,.750,0.3,0.3,1.000,0.5,0.8,.667,.875,0.5,0.5,1.000,0.0,0.5,0.5,0.0,0.3,0.0,0.0,0.0,2.3
Dalen Terry,SG,21,CHI,4,0,2.8,0.8,2.0,.375,0.3,1.0,.250,0.5,1.0,.500,.438,0.0,0.5,.000,0.0,1.0,1.0,0.8,0.0,0.0,0.3,0.3,1.8
Daniel Theis,C,31,IND,1,0,8.0,1.0,4.0,.250,0.0,1.0,.000,1.0,3.0,.333,.250,0.0,0.0,,0.0,0.0,0.0,0.0,0.0,0.0,0.0,1.0,2.0
Cam Thomas,SG,22,BRK,8,7,32.4,9.9,20.6,.479,2.1,6.6,.321,7.8,14.0,.554,.530,5.0,5.9,.851,0.3,3.5,3.8,2.1,0.9,0.6,1.3,1.9,26.9
Amen Thompson,SF,21,HOU,4,0,16.8,2.3,5.5,.409,0.5,2.8,.182,1.8,2.8,.636,.455,1.3,2.0,.625,0.3,2.5,2.8,1.5,0.5,0.3,1.5,2.3,6.3
Ausar Thompson,SF,21,DET,12,12,32.1,4.8,11.0,.432,0.3,2.3,.148,4.4,8.8,.505,.447,2.2,3.0,.722,3.9,6.4,10.3,3.7,1.3,1.9,2.2,3.3,12.0
Klay Thompson,SF,33,GSW,11,11,28.6,5.5,12.9,.423,2.4,6.9,.342,3.1,6.0,.515,.514,1.4,1.6,.833,0.6,2.9,3.5,1.8,0.4,0.5,1.8,2.3,14.6
Tristan Thompson,PF,32,CLE,9,0,9.2,0.9,1.2,.727,0.0,0.0,,0.9,1.2,.727,.727,0.4,0.8,.571,0.9,1.6,2.4,0.6,0.1,0.3,0.7,1.1,2.2
JT Thor,PF,21,CHO,10,1,19.9,1.8,4.6,.391,0.8,2.3,.348,1.0,2.3,.435,.478,0.0,0.4,.000,1.2,2.6,3.8,0.9,0.4,0.4,0.3,1.4,4.4
Matisse Thybulle,SF,26,POR,11,9,20.3,2.5,4.8,.509,1.6,3.9,.419,0.8,0.9,.900,.679,0.4,0.5,.800,0.2,1.3,1.5,1.2,1.1,0.7,0.5,1.1,6.9
Xavier Tillman Sr.,C,25,MEM,7,5,25.9,3.9,9.1,.422,1.0,2.9,.350,2.9,6.3,.455,.477,0.6,1.3,.444,2.0,4.7,6.7,2.4,1.6,0.9,1.4,2.9,9.3
Obi Toppin,PF,25,IND,11,11,22.7,4.5,7.4,.617,0.7,2.4,.308,3.8,5.0,.764,.667,1.3,1.5,.824,0.9,2.4,3.3,0.5,0.8,0.3,0.5,1.7,11.1
Karl-Anthony Towns,PF,28,MIN,11,11,33.3,7.9,17.0,.465,2.0,5.9,.338,5.9,11.1,.533,.524,3.2,3.5,.921,1.0,8.3,9.3,2.3,0.9,0.5,2.5,2.8,21.0
Gary Trent Jr.,SG,25,TOR,8,1,27.1,3.9,10.5,.369,1.9,5.3,.357,2.0,5.3,.381,.458,0.8,1.9,.400,0.5,2.0,2.5,0.9,1.0,0.1,1.0,1.3,10.4
P.J. Tucker,PF,38,TOT,9,3,17.8,0.7,1.9,.353,0.6,1.6,.357,0.1,0.3,.333,.500,0.3,0.3,1.000,1.4,2.3,3.8,0.4,0.7,0.3,0.3,2.3,2.2
P.J. Tucker,PF,38,PHI,3,3,22.0,0.7,1.7,.400,0.7,1.7,.400,0.0,0.0,,.600,0.0,0.0,,0.3,4.3,4.7,0.0,1.0,0.7,0.7,3.0,2.0
P.J. Tucker,PF,38,LAC,6,0,15.7,0.7,2.0,.333,0.5,1.5,.333,0.2,0.5,.333,.458,0.5,0.5,1.000,2.0,1.3,3.3,0.7,0.5,0.2,0.2,2.0,2.3
Myles Turner,C,27,IND,11,11,26.6,6.3,12.2,.515,1.9,4.8,.396,4.4,7.4,.593,.593,3.5,4.4,.792,1.5,6.0,7.5,1.5,0.5,1.7,1.6,3.5,17.9
Hunter Tyson,PF,23,DEN,4,0,2.8,0.3,0.8,.333,0.0,0.5,.000,0.3,0.3,1.000,.333,0.0,0.0,,0.0,0.8,0.8,0.0,0.0,0.0,0.0,1.0,0.5
Stanley Umude,SG,24,DET,8,0,7.8,0.9,2.0,.438,0.6,1.3,.500,0.3,0.8,.333,.594,1.0,1.1,.889,0.0,1.1,1.1,0.1,0.1,0.1,0.4,1.3,3.4
Jonas Valančiūnas,C,31,NOP,11,11,24.2,4.6,9.1,.510,0.9,2.3,.400,3.7,6.8,.547,.560,1.5,1.8,.850,1.7,6.5,8.2,2.0,0.3,1.5,1.5,2.5,11.7
Fred VanVleet,PG,29,HOU,9,9,35.9,5.9,15.3,.384,3.1,8.4,.368,2.8,6.9,.403,.486,2.3,2.7,.875,0.2,3.2,3.4,7.9,0.6,0.3,1.7,2.1,17.2
Devin Vassell,SG,23,SAS,9,8,28.9,6.2,12.6,.496,2.4,5.7,.431,3.8,6.9,.548,.593,2.4,3.3,.733,0.4,3.1,3.6,2.8,1.0,0.1,1.3,0.9,17.3
Sasha Vezenkov,PF,28,SAC,9,0,13.8,2.2,5.2,.426,1.2,3.7,.333,1.0,1.6,.643,.543,0.3,0.3,1.000,0.1,1.7,1.8,0.2,0.7,0.2,0.1,1.1,6.0
Gabe Vincent,PG,27,LAL,4,0,28.3,2.8,7.0,.393,0.3,3.5,.071,2.5,3.5,.714,.411,0.3,0.5,.500,0.5,0.5,1.0,3.0,1.5,0.0,0.5,2.5,6.0
Nikola Vučević,C,33,CHI,12,12,34.8,7.6,15.8,.481,1.0,3.4,.293,6.6,12.3,.534,.513,1.4,1.8,.773,3.0,7.8,10.8,2.9,0.9,0.7,1.9,2.9,17.6
Dean Wade,PF,27,CLE,10,4,18.7,1.0,3.1,.323,0.9,2.9,.310,0.1,0.2,.500,.468,0.2,0.4,.500,0.7,2.7,3.4,0.7,0.6,0.3,0.4,2.2,3.1
Franz Wagner,SF,22,ORL,11,11,33.5,6.7,16.5,.409,1.7,5.6,.306,5.0,10.8,.462,.461,3.1,3.6,.850,1.3,4.4,5.6,3.4,1.0,0.3,2.1,2.3,18.3
Moritz Wagner,C,26,ORL,11,0,19.1,4.5,7.1,.628,0.6,1.8,.350,3.8,5.3,.724,.673,2.0,2.5,.815,1.5,3.1,4.5,1.0,0.5,0.5,1.4,2.7,11.5
Ish Wainright,SF,29,POR,2,0,2.5,0.0,0.5,.000,0.0,0.5,.000,0.0,0.0,,.000,0.0,0.0,,0.0,0.0,0.0,0.0,0.5,0.0,0.0,0.5,0.0
Jabari Walker,SF,21,POR,11,0,15.3,2.4,4.9,.481,0.6,1.8,.350,1.7,3.1,.559,.546,1.1,1.4,.800,1.1,2.8,3.9,0.5,0.9,0.7,0.8,2.0,6.5
Jarace Walker,PF,20,IND,3,0,9.0,1.3,4.0,.333,0.0,0.7,.000,1.3,3.3,.400,.333,0.7,0.7,1.000,0.3,2.0,2.3,1.7,0.3,0.3,0.0,0.7,3.3
Lonnie Walker IV,SG,25,BRK,10,0,21.2,5.5,10.8,.509,2.3,5.0,.460,3.2,5.8,.552,.616,1.7,2.2,.773,0.1,2.8,2.9,2.1,0.7,0.5,1.2,0.9,15.0
Cason Wallace,SG,20,OKC,11,1,22.4,3.1,4.7,.654,1.0,1.8,.550,2.1,2.9,.719,.760,0.7,0.7,1.000,0.5,2.0,2.5,1.6,0.6,0.5,0.6,1.8,7.9
P.J. Washington,PF,25,CHO,10,10,33.0,6.9,14.3,.483,1.7,5.2,.327,5.2,9.1,.571,.542,1.7,2.3,.739,1.3,4.2,5.5,2.1,0.4,0.6,1.3,2.6,17.2
TyTy Washington Jr.,PG,22,MIL,2,0,3.0,0.5,1.5,.333,0.5,1.0,.500,0.0,0.5,.000,.500,0.0,0.0,,0.0,0.5,0.5,0.0,0.5,0.0,1.0,0.0,1.5
Yuta Watanabe,SF,29,PHO,11,0,19.4,1.8,4.7,.385,1.4,3.7,.366,0.5,1.0,.455,.529,0.5,0.6,.857,0.5,2.2,2.7,0.7,0.4,0.4,0.9,1.8,5.5
Lindy Waters III,SG,26,OKC,5,0,5.8,0.4,1.2,.333,0.4,1.2,.333,0.0,0.0,,.500,0.0,0.0,,0.0,0.0,0.0,0.4,0.0,0.0,0.0,0.2,1.2
Trendon Watford,PF,23,BRK,6,0,12.3,2.3,4.3,.538,0.3,0.8,.400,2.0,3.5,.571,.577,1.0,1.0,1.000,1.0,2.5,3.5,2.0,0.7,0.2,1.0,1.8,6.0
Peyton Watson,SF,21,DEN,11,0,14.5,2.1,3.7,.561,0.4,1.2,.308,1.7,2.5,.679,.610,0.3,0.5,.500,0.3,1.5,1.7,0.6,0.5,1.0,0.5,1.3,4.8
Victor Wembanyama,PF,20,SAS,11,11,30.0,6.9,16.0,.432,1.5,5.5,.283,5.4,10.5,.509,.480,3.3,4.3,.766,2.1,7.2,9.3,2.5,1.0,2.4,3.9,2.5,18.6
Blake Wesley,SG,20,SAS,3,0,6.0,1.0,2.7,.375,0.0,0.3,.000,1.0,2.3,.429,.375,0.3,0.7,.500,0.3,0.3,0.7,1.0,0.0,0.3,0.3,0.7,2.3
Russell Westbrook,PG,35,LAC,10,10,30.7,6.0,12.9,.465,1.0,3.2,.313,5.0,9.7,.515,.504,1.0,1.7,.588,1.5,5.5,7.0,5.7,1.9,0.3,3.3,2.9,14.0
Coby White,PG,23,CHI,12,12,31.8,4.4,11.6,.381,1.8,5.7,.309,2.7,5.9,.451,.457,1.4,1.8,.810,0.3,2.6,2.8,4.1,1.1,0.3,1.7,2.7,12.0
Derrick White,SG,29,BOS,9,9,30.7,4.7,9.6,.488,2.3,5.4,.429,2.3,4.1,.568,.610,2.4,3.0,.815,0.8,2.9,3.7,4.6,1.0,1.0,1.3,2.2,14.1
Cam Whitmore,SF,19,HOU,3,0,7.7,1.0,3.0,.333,0.0,1.0,.000,1.0,2.0,.500,.333,0.3,0.7,.500,0.0,1.0,1.0,0.3,0.3,0.0,0.7,0.3,2.3
Aaron Wiggins,SG,25,OKC,9,0,10.7,1.6,3.0,.519,0.3,1.1,.300,1.2,1.9,.647,.574,0.3,0.4,.750,0.2,1.1,1.3,0.6,0.3,0.1,0.4,1.0,3.8
Andrew Wiggins,SF,28,GSW,12,12,26.1,4.3,10.8,.395,0.4,2.8,.152,3.8,8.0,.479,.415,1.5,3.0,.500,1.9,2.1,4.0,0.9,0.4,0.4,1.6,2.4,10.4
Lindell Wigginton,PG,25,MIL,1,0,2.0,0.0,1.0,.000,0.0,1.0,.000,0.0,0.0,,.000,0.0,0.0,,0.0,0.0,0.0,0.0,0.0,0.0,1.0,1.0,0.0
Grant Williams,PF,25,DAL,12,12,28.9,3.8,7.9,.474,2.7,5.4,.492,1.1,2.5,.433,.642,1.0,1.6,.632,0.8,2.6,3.4,1.5,0.3,0.7,0.9,2.5,11.2
Jalen Williams,PF,22,OKC,11,11,32.8,6.5,12.3,.526,1.1,3.0,.364,5.4,9.3,.578,.570,3.3,3.8,.857,0.3,3.7,4.0,3.5,0.7,0.3,2.3,3.1,17.3
Jaylin Williams,C,21,OKC,6,0,14.5,1.3,3.8,.348,0.7,2.5,.267,0.7,1.3,.500,.435,0.8,1.0,.833,0.3,3.3,3.7,1.5,0.7,0.3,0.5,2.2,4.2
Jeenathan Williams,SG,24,HOU,2,0,6.5,2.0,3.5,.571,0.0,1.0,.000,2.0,2.5,.800,.571,0.5,1.0,.500,0.0,0.0,0.0,0.5,0.5,0.0,0.0,0.0,4.5
Kenrich Williams,PF,29,OKC,1,0,15.0,4.0,7.0,.571,1.0,3.0,.333,3.0,4.0,.750,.643,0.0,0.0,,0.0,0.0,0.0,2.0,0.0,0.0,1.0,3.0,9.0
Mark Williams,C,22,CHO,10,10,25.1,5.8,7.8,.744,0.0,0.0,,5.8,7.8,.744,.744,2.8,4.0,.700,3.9,5.1,9.0,1.1,1.0,0.7,1.2,2.2,14.4
Patrick Williams,PF,22,CHI,12,6,23.8,2.1,6.3,.329,0.8,3.1,.270,1.3,3.3,.385,.395,1.3,1.7,.800,0.6,3.0,3.6,1.3,1.1,0.9,1.0,1.7,6.3
Robert Williams,C,26,POR,6,0,19.8,2.8,4.3,.654,0.0,0.0,,2.8,4.3,.654,.654,1.2,1.5,.778,1.8,4.5,6.3,0.8,1.2,1.2,1.2,2.8,6.8
Vince Williams Jr.,SG,23,MEM,4,0,8.0,0.5,2.0,.250,0.3,1.8,.143,0.3,0.3,1.000,.313,1.8,2.0,.875,0.0,1.3,1.3,1.0,0.3,0.8,0.5,1.0,3.0
Ziaire Williams,SF,22,MEM,10,8,25.6,3.0,8.5,.353,1.3,4.5,.289,1.7,4.0,.425,.429,1.0,1.1,.909,0.7,4.4,5.1,1.1,0.5,0.5,1.6,2.2,8.3
Zion Williamson,PF,23,NOP,9,9,31.0,8.6,16.6,.517,0.0,0.1,.000,8.6,16.4,.520,.517,4.2,7.1,.594,2.9,3.7,6.6,4.2,0.9,0.1,2.8,2.8,21.3
Jalen Wilson,PF,23,BRK,2,0,3.5,0.0,0.5,.000,0.0,0.0,,0.0,0.5,.000,.000,0.0,0.0,,0.0,0.5,0.5,0.0,0.0,0.5,0.0,0.0,0.0
Dylan Windler,SF,27,NYK,3,0,2.3,0.3,0.7,.500,0.3,0.7,.500,0.0,0.0,,.750,0.0,0.0,,0.0,0.3,0.3,0.3,0.0,0.0,0.0,0.3,1.0
James Wiseman,C,22,DET,5,0,10.4,2.6,4.4,.591,0.0,0.2,.000,2.6,4.2,.619,.591,0.2,0.4,.500,1.0,2.0,3.0,0.4,0.2,0.4,0.6,2.0,5.4
Christian Wood,PF,28,LAL,12,1,20.9,2.3,5.2,.435,0.9,2.5,.367,1.3,2.7,.500,.524,1.3,2.2,.615,1.1,5.0,6.1,0.9,0.3,0.7,1.4,1.9,6.8
Delon Wright,PG,31,WAS,8,0,17.6,1.4,3.8,.367,0.5,1.4,.364,0.9,2.4,.368,.433,1.8,2.0,.875,0.4,2.1,2.5,4.4,1.6,0.1,0.5,0.8,5.0
Thaddeus Young,PF,35,TOR,3,0,3.3,0.7,1.3,.500,0.0,0.0,,0.7,1.3,.500,.500,0.0,0.7,.000,0.3,0.7,1.0,1.0,0.0,0.0,0.3,0.0,1.3
Trae Young,PG,25,ATL,10,10,35.6,6.4,18.0,.356,2.0,7.2,.278,4.4,10.8,.407,.411,8.7,9.8,.888,0.7,2.0,2.7,10.9,1.6,0.0,4.1,1.3,23.5
Omer Yurtseven,C,25,UTA,7,0,4.6,1.0,1.4,.700,0.1,0.4,.333,0.9,1.0,.857,.750,0.1,0.3,.500,0.4,1.1,1.6,0.4,0.0,0.1,0.1,0.9,2.3
Cody Zeller,C,31,NOP,8,0,6.6,0.3,1.3,.200,0.0,0.0,,0.3,1.3,.200,.200,0.5,1.3,.400,0.9,1.6,2.5,1.0,0.1,0.0,0.3,0.6,1.0
Ivica Zubac,C,26,LAC,10,10,25.0,4.1,7.2,.569,0.0,0.0,,4.1,7.2,.569,.569,2.1,3.3,.636,3.0,5.4,8.4,0.7,0.2,1.6,1.4,3.3,10.3
